{
    "epoch": 95,
    "test.bias": [
        -21.02960777282715
    ],
    "test.err-rel": [
        21.508342027664185
    ],
    "test.mse": [
        57163.765625
    ],
    "test.rmse": [
        239.08945109519158
    ],
    "train.mse": [
        0.0585693863970114,
        0.020729031527369487,
        0.020708892426294524,
        0.019612602480664487,
        0.019646938174690414,
        0.019116725647685733,
        0.018338636319130297,
        0.01794189196534273,
        0.017676407494014355,
        0.016957005383673965,
        0.016923431466083702,
        0.016828780017066294,
        0.016605373926279022,
        0.016464782992332446,
        0.016314129816459084,
        0.01641239096955737,
        0.016350532620690944,
        0.01604744592658812,
        0.01597744468372406,
        0.015725022091007814,
        0.015600039197768017,
        0.015338965004491733,
        0.01501922973817805,
        0.014857573798153459,
        0.014603331293229287,
        0.014396813590215838,
        0.014288685403809679,
        0.014018616633398867,
        0.013950417777977703,
        0.013574682147719147,
        0.013571965899999911,
        0.013263466938330633,
        0.012766484273370446,
        0.012481678294290493,
        0.012708180476116335,
        0.012181478353762409,
        0.0122654093770174,
        0.012134161005478079,
        0.012124875015238436,
        0.012100270035017917,
        0.012121279763693853,
        0.012072339739150754,
        0.01223743079434626,
        0.012073530207910552,
        0.010034909562730208,
        0.009620177604984946,
        0.009510244827762974,
        0.009435782524211922,
        0.009339247773424155,
        0.009312478379664443,
        0.009302842808410344,
        0.009357621756995596,
        0.009296865077552998,
        0.00923261810491634,
        0.009192367975895361,
        0.009178460493297657,
        0.009060705557647274,
        0.009183585635250116,
        0.009090640116482973,
        0.009004638834129565,
        0.009017364763677484,
        0.00913302193214072,
        0.00897235049945643,
        0.008980509668883935,
        0.008998007215445906,
        0.008925665908197804,
        0.008957402786330842,
        0.008903426492995605,
        0.008921837993534056,
        0.008921777224736062,
        0.00891135914092202,
        0.008928733227615495,
        0.008815963536773512,
        0.008848393986160616,
        0.008834439230424056,
        0.008850663948645135,
        0.00879066946586912,
        0.008722938608559893,
        0.008832420341715944,
        0.008733709456353652,
        0.008827866753563285,
        0.008772230039850422,
        0.008267690952889985,
        0.008231507813012818,
        0.008200182437487855,
        0.008167716600682313,
        0.008172959052367,
        0.008113658615024534,
        0.008185271610982897,
        0.008117554348711743,
        0.008164789666785154,
        0.008189055682500689,
        0.008145584770273872,
        0.008131683349791096,
        0.008135229286669595
    ],
    "val.mse": [
        0.022713677957654,
        0.02341771498322487,
        0.02139125019311905,
        0.02269987389445305,
        0.021473795175552368,
        0.021808631718158722,
        0.03075443021953106,
        0.020548401400446892,
        0.023232443258166313,
        0.037167079746723175,
        0.01907631754875183,
        0.02052995376288891,
        0.027364864945411682,
        0.017629070207476616,
        0.0184195376932621,
        0.018002133816480637,
        0.021077731624245644,
        0.01534025464206934,
        0.03664712607860565,
        0.02247609756886959,
        0.017434535548090935,
        0.016150077804923058,
        0.016698544844985008,
        0.020479923114180565,
        0.014544744044542313,
        0.018221382051706314,
        0.01539287157356739,
        0.017632771283388138,
        0.015330778434872627,
        0.014335216023027897,
        0.013670206069946289,
        0.030775798484683037,
        0.012719095684587955,
        0.013217047788202763,
        0.014022544026374817,
        0.01442478597164154,
        0.018446922302246094,
        0.017479434609413147,
        0.026287410408258438,
        0.013320215046405792,
        0.015381527133286,
        0.032327599823474884,
        0.02664574608206749,
        0.01553857047110796,
        0.009434663690626621,
        0.009485469199717045,
        0.009175967425107956,
        0.010882955975830555,
        0.009005624800920486,
        0.00887358095496893,
        0.009744309820234776,
        0.009060805663466454,
        0.008944709785282612,
        0.00898064486682415,
        0.009981666691601276,
        0.009611794725060463,
        0.00866177212446928,
        0.009104167111217976,
        0.00855906493961811,
        0.008956740610301495,
        0.009448021650314331,
        0.009067774750292301,
        0.0088028060272336,
        0.009794425219297409,
        0.009184672497212887,
        0.008381017483770847,
        0.009100299328565598,
        0.008997035212814808,
        0.008592434227466583,
        0.008560706861317158,
        0.00823467131704092,
        0.008832656778395176,
        0.010024037212133408,
        0.00850136298686266,
        0.010052621364593506,
        0.008724159561097622,
        0.008752127178013325,
        0.008667885325849056,
        0.008887960575520992,
        0.008573725819587708,
        0.008769326843321323,
        0.008942744694650173,
        0.0078508285805583,
        0.007757439743727446,
        0.007799575570970774,
        0.007840583100914955,
        0.007780690211802721,
        0.007845092564821243,
        0.007829624228179455,
        0.00780574232339859,
        0.00778187857940793,
        0.007841409184038639,
        0.007858596742153168,
        0.007807064335793257,
        0.007830963470041752
    ]
}