{
    "epoch": 46,
    "test.bias": [
        -2.9404947757720947
    ],
    "test.err-rel": [
        24.87650364637375
    ],
    "test.mse": [
        67135.1796875
    ],
    "test.rmse": [
        259.1045728803334
    ],
    "train.mse": [
        0.015068379595227863,
        0.010866684827560223,
        0.010983665306005419,
        0.010967007948097235,
        0.011148235234229462,
        0.011116082120617354,
        0.011182867736781236,
        0.011216358096564408,
        0.011198776062601102,
        0.011239927383544653,
        0.011138117953163126,
        0.01119242282295079,
        0.010218961893216423,
        0.01018605914013171,
        0.010190639893599548,
        0.010210117921001793,
        0.01021379216209702,
        0.01020190185687927,
        0.010217555544067244,
        0.010217832580717824,
        0.010215149440380357,
        0.010223438535232722,
        0.01023409334560914,
        0.010232716914474594,
        0.010248915859214638,
        0.010235955794081555,
        0.010260153122199989,
        0.01025040214013609,
        0.010256754176587052,
        0.010234835783239478,
        0.010247548932198041,
        0.010262165426837732,
        0.010118882437901837,
        0.010107581729289168,
        0.010112630064535584,
        0.010110077251512441,
        0.010104260019819188,
        0.01010960825828847,
        0.010115279746675714,
        0.010105045442903264,
        0.010109587636145745,
        0.010111577560118637,
        0.010119702244721215,
        0.010114489290978967,
        0.010113864003316216,
        0.010111086747337203
    ],
    "val.mse": [
        0.010082048363983631,
        0.010445836931467056,
        0.01042572595179081,
        0.010751500725746155,
        0.01046119537204504,
        0.010503606870770454,
        0.010315058752894402,
        0.01056333165615797,
        0.010939866304397583,
        0.010745973326265812,
        0.010537123307585716,
        0.010295332409441471,
        0.009561272338032722,
        0.00956462137401104,
        0.00984434224665165,
        0.009532071650028229,
        0.009631876833736897,
        0.009633486159145832,
        0.009552808478474617,
        0.00968974083662033,
        0.00951235368847847,
        0.009584544226527214,
        0.009650730527937412,
        0.009728152304887772,
        0.009664787910878658,
        0.009555517695844173,
        0.009625541046261787,
        0.009562446735799313,
        0.009636973962187767,
        0.00968292634934187,
        0.009650351479649544,
        0.009618942625820637,
        0.00949966162443161,
        0.009506762959063053,
        0.00949543435126543,
        0.009514037519693375,
        0.009511180222034454,
        0.009523737244307995,
        0.009519354440271854,
        0.009528598748147488,
        0.009514962323009968,
        0.009512346237897873,
        0.00953513290733099,
        0.009524010121822357,
        0.009516465477645397,
        0.009496956132352352
    ]
}