{
    "epoch": 97,
    "test.bias": [
        -40.449092864990234
    ],
    "test.err-rel": [
        27.905985713005066
    ],
    "test.mse": [
        94079.21875
    ],
    "test.rmse": [
        306.7233586637966
    ],
    "train.mse": [
        0.06890292281693802,
        0.02159773746914253,
        0.02046353325656638,
        0.019530938631605085,
        0.01957821870995004,
        0.01941297741652262,
        0.018955473038481503,
        0.01901112666081001,
        0.018981051370047214,
        0.018919259377914232,
        0.019195607181911063,
        0.019047646987728956,
        0.01890915637926721,
        0.018887446307372754,
        0.017262639347236694,
        0.016814269392364998,
        0.01682363143872197,
        0.016633374412067053,
        0.016621736565423085,
        0.016571464942677354,
        0.016558388401413472,
        0.016463684292919025,
        0.016369278741455297,
        0.016232606585750858,
        0.016107242662323322,
        0.016098764509235215,
        0.01595240131179552,
        0.01588750877644776,
        0.01585961377997769,
        0.015871691449386317,
        0.015800221965125785,
        0.015725219156593084,
        0.015649221422968478,
        0.015665300184769963,
        0.015591552975110529,
        0.015547851452649367,
        0.015512409290616832,
        0.015494420329426847,
        0.015449635235865304,
        0.015363469623347245,
        0.01551959370035769,
        0.015395634228409064,
        0.015396929130230734,
        0.015287451690244602,
        0.01536515898003084,
        0.015310347557249592,
        0.015305292821012256,
        0.01523036602884531,
        0.015211904904146383,
        0.015195559761373371,
        0.015244137342428653,
        0.015176128510885485,
        0.015138156217999937,
        0.015215628882642926,
        0.014513619016946816,
        0.01440362516995065,
        0.014362742755244054,
        0.014318808453248405,
        0.014318823036397012,
        0.01429147094987878,
        0.014306359884624437,
        0.014314884558410906,
        0.014279014783025516,
        0.014289960838718021,
        0.014269484979350393,
        0.01422975274234465,
        0.014188353063129797,
        0.014223281697301967,
        0.014183545303417415,
        0.014230333830843248,
        0.014213150685153357,
        0.0141704612150334,
        0.014212458070776448,
        0.014151141649430118,
        0.01412230029861193,
        0.014178401404401152,
        0.014206098642472813,
        0.014124046091172026,
        0.014150683546620534,
        0.014204220585070731,
        0.0141088041681342,
        0.014169051073400713,
        0.01413497346362508,
        0.014111709383475344,
        0.014152856821921177,
        0.014114057145467618,
        0.014064359881847007,
        0.014063652661606306,
        0.014066505955713914,
        0.01409101549808572,
        0.014063953881992436,
        0.014129662187770009,
        0.01405686241142997,
        0.014121888602924784,
        0.014058569894830992,
        0.014096646961506183,
        0.014045679112669171
    ],
    "val.mse": [
        0.024080753326416016,
        0.01963353529572487,
        0.019249338656663895,
        0.020879210904240608,
        0.01928941160440445,
        0.04401760920882225,
        0.0212878230959177,
        0.019792228937149048,
        0.019484903663396835,
        0.019743943586945534,
        0.020015398040413857,
        0.024878576397895813,
        0.020706811919808388,
        0.02634267881512642,
        0.015887919813394547,
        0.017183957621455193,
        0.016277777031064034,
        0.015578677877783775,
        0.016407016664743423,
        0.01579504832625389,
        0.016049394384026527,
        0.016776150092482567,
        0.016069335862994194,
        0.01538190245628357,
        0.015465671196579933,
        0.01563238725066185,
        0.01532566174864769,
        0.01527541782706976,
        0.01558533962816,
        0.015250666998326778,
        0.015483549796044827,
        0.015184540301561356,
        0.015178021043539047,
        0.0175422802567482,
        0.016614586114883423,
        0.015103856101632118,
        0.01651177741587162,
        0.015335161238908768,
        0.015098164789378643,
        0.015438555739820004,
        0.015254334546625614,
        0.014698585495352745,
        0.014635073021054268,
        0.015455788001418114,
        0.016324559226632118,
        0.015114465728402138,
        0.015023896470665932,
        0.014737339690327644,
        0.015211479738354683,
        0.015309874899685383,
        0.014990407973527908,
        0.015687359496951103,
        0.015027903951704502,
        0.014926875941455364,
        0.013810472562909126,
        0.01382336113601923,
        0.013744853436946869,
        0.01378211472183466,
        0.01377958059310913,
        0.013738221488893032,
        0.013786389492452145,
        0.01381262019276619,
        0.013813641853630543,
        0.013769371435046196,
        0.013768548145890236,
        0.013719584792852402,
        0.013745847158133984,
        0.013788771815598011,
        0.01376035250723362,
        0.013781341724097729,
        0.013760095462203026,
        0.013779766857624054,
        0.013771571218967438,
        0.013718411326408386,
        0.013736872002482414,
        0.013716231100261211,
        0.013851732946932316,
        0.013784609735012054,
        0.01372541394084692,
        0.013736710883677006,
        0.013762862421572208,
        0.013722795061767101,
        0.013740693219006062,
        0.013729373924434185,
        0.013801515102386475,
        0.013668829575181007,
        0.013760500587522984,
        0.013753008097410202,
        0.013719076290726662,
        0.013784562237560749,
        0.013779659755527973,
        0.013731247745454311,
        0.013727475889027119,
        0.013852705247700214,
        0.013750958256423473,
        0.013784997165203094,
        0.013669298961758614
    ]
}