{
    "epoch": 103,
    "test.bias": [
        -14.48074722290039
    ],
    "test.err-rel": [
        21.81498408317566
    ],
    "test.mse": [
        58370.95703125
    ],
    "test.rmse": [
        241.60082166923604
    ],
    "train.mse": [
        0.058065435667408676,
        0.021500557138607268,
        0.02044618781656027,
        0.02023546738413776,
        0.01918598468892458,
        0.018186532557237803,
        0.01678844847966258,
        0.016307338828039242,
        0.015987221077765998,
        0.015455926581081457,
        0.014617252515674365,
        0.014458543212130302,
        0.014618327386858986,
        0.014507264744990119,
        0.014543568210040287,
        0.014193032112926609,
        0.01412530642616131,
        0.014332092429579394,
        0.014121555848183429,
        0.014070621776826135,
        0.014063493666670672,
        0.013678952546154217,
        0.01406689841163958,
        0.013736721071437365,
        0.01391575237872397,
        0.01366667127486591,
        0.01358506845015033,
        0.013549515330119104,
        0.01360068241384153,
        0.013521577549598566,
        0.013612539740279317,
        0.013423611455392547,
        0.013415114920041183,
        0.01353094907954517,
        0.013333893880793235,
        0.013283516104310387,
        0.013156189066471487,
        0.013473667624610953,
        0.013295044151430086,
        0.013211194391748527,
        0.013395508830776302,
        0.013023874262438678,
        0.013145295352243432,
        0.013148863737403257,
        0.013058125950032619,
        0.013123122407350599,
        0.01284819158793586,
        0.01118577047387456,
        0.010678138657722895,
        0.010545480104799314,
        0.010402282080953805,
        0.010336311704411013,
        0.010284656079531444,
        0.010214747151178195,
        0.010284133079439038,
        0.010052311285285324,
        0.01012790641497548,
        0.010131866319059598,
        0.009976404781521456,
        0.009934964356943965,
        0.009961113867508928,
        0.009922899515935925,
        0.009952504216216324,
        0.009929791013369473,
        0.009875421151064517,
        0.009844531026873283,
        0.009797949548356416,
        0.009890795625723535,
        0.009930898977738873,
        0.00976573819544439,
        0.00992470294259852,
        0.009781467296728274,
        0.009681089429139363,
        0.009673843273847568,
        0.009186869319641917,
        0.009083149213593726,
        0.009041748253810333,
        0.009032229606130319,
        0.00909657266115906,
        0.009050242688007108,
        0.009034285188379993,
        0.009062805315252484,
        0.008971489647903093,
        0.009056450341964459,
        0.00903232845693554,
        0.009012710152580062,
        0.008955753436766384,
        0.009029167596387064,
        0.008974842857796608,
        0.008993053292037874,
        0.008978824187978738,
        0.00892813569332314,
        0.008934187793695345,
        0.008978595732847547,
        0.008939826662266037,
        0.00901143215653464,
        0.008970718688853994,
        0.008903131791867497,
        0.008915303504980373,
        0.008906315049588135,
        0.008862998132116912,
        0.008876072972581335,
        0.008910961332730949
    ],
    "val.mse": [
        0.02283390238881111,
        0.024216100573539734,
        0.023126855492591858,
        0.033099815249443054,
        0.021143650636076927,
        0.019386151805520058,
        0.020825417712330818,
        0.021411549299955368,
        0.019208049401640892,
        0.015610137023031712,
        0.016311414539813995,
        0.01526052225381136,
        0.01681249961256981,
        0.019109873101115227,
        0.02263832278549671,
        0.020805275067687035,
        0.01675761491060257,
        0.017474427819252014,
        0.018811337649822235,
        0.017263010144233704,
        0.014779375866055489,
        0.016578851267695427,
        0.02416285127401352,
        0.018659714609384537,
        0.020386625081300735,
        0.015121194534003735,
        0.018220001831650734,
        0.01440571341663599,
        0.022248974069952965,
        0.01962953619658947,
        0.031476788222789764,
        0.015686888247728348,
        0.01990024745464325,
        0.013732941821217537,
        0.02786095254123211,
        0.013458097353577614,
        0.01689043454825878,
        0.01975289359688759,
        0.01592707447707653,
        0.014120237901806831,
        0.016224496066570282,
        0.01739325374364853,
        0.016783080995082855,
        0.01367153786122799,
        0.02112303487956524,
        0.05754663795232773,
        0.1573452651500702,
        0.009966046549379826,
        0.010103370994329453,
        0.00996238924562931,
        0.010694222524762154,
        0.010244714096188545,
        0.010310300625860691,
        0.010673969984054565,
        0.010092184878885746,
        0.009322346188127995,
        0.010046621784567833,
        0.009764537215232849,
        0.009656197391450405,
        0.0093087712302804,
        0.010115822777152061,
        0.009902285411953926,
        0.009131140075623989,
        0.009633593261241913,
        0.009475665166974068,
        0.010470882058143616,
        0.009490545839071274,
        0.009590081870555878,
        0.009851914830505848,
        0.00995385181158781,
        0.009518635459244251,
        0.00924739520996809,
        0.00991496630012989,
        0.00966204609721899,
        0.008733514696359634,
        0.008662184700369835,
        0.008748580701649189,
        0.008647797629237175,
        0.008587358519434929,
        0.008737165480852127,
        0.008667717687785625,
        0.008661691099405289,
        0.00871683657169342,
        0.008719143457710743,
        0.008693174459040165,
        0.008778229355812073,
        0.008562588132917881,
        0.008594677783548832,
        0.008636131882667542,
        0.008595569990575314,
        0.00864805281162262,
        0.008536678738892078,
        0.008659835904836655,
        0.0085748340934515,
        0.008635147474706173,
        0.008640852756798267,
        0.00862177088856697,
        0.00858278851956129,
        0.00858328491449356,
        0.008625360205769539,
        0.008651729673147202,
        0.008618912659585476,
        0.008540176786482334
    ]
}