{
    "epoch": 89,
    "test.bias": [
        -12.740132331848145
    ],
    "test.err-rel": [
        21.29393219947815
    ],
    "test.mse": [
        55991.015625
    ],
    "test.rmse": [
        236.6242076056463
    ],
    "train.mse": [
        0.06104602409163263,
        0.020973174503391107,
        0.0200783975376952,
        0.01997666610632001,
        0.01939648939523755,
        0.019135378312501238,
        0.01877314169187008,
        0.018101662772185192,
        0.017669470963727046,
        0.01701874034933564,
        0.017105087825301582,
        0.017126487323832585,
        0.016726098057427783,
        0.01666742479769377,
        0.016414269452869164,
        0.016852811904533242,
        0.01617973522146846,
        0.015457239160995657,
        0.014744456743866933,
        0.014019179504319298,
        0.013763975885855715,
        0.013949556514711641,
        0.013672139370677674,
        0.013494308027098091,
        0.013418695486218827,
        0.013550868592929186,
        0.013219886868283516,
        0.013328121287929939,
        0.013045062469999964,
        0.013137109134709689,
        0.013176600817908965,
        0.012971813608778686,
        0.012958424852979256,
        0.012705671351130416,
        0.012781986001333812,
        0.012695776190745032,
        0.01289848541477468,
        0.012788987315328019,
        0.01296232300583364,
        0.010614834617959654,
        0.010286394722487142,
        0.01006261844801285,
        0.010017884775950777,
        0.009810657314274733,
        0.009669847701244601,
        0.009638667470071374,
        0.009585266404717071,
        0.009478609503542141,
        0.00953999305961699,
        0.009346256137643828,
        0.00939905178653667,
        0.00938057137948529,
        0.009296440641486608,
        0.00921957939863205,
        0.009259479429868118,
        0.009268649910553926,
        0.009231595521247605,
        0.00912367787337067,
        0.009199733635774109,
        0.009120166526039744,
        0.008994676910976811,
        0.009025950450450182,
        0.008541348875818274,
        0.008431466838640229,
        0.008439097987919501,
        0.00835769111574514,
        0.008376780832072765,
        0.008388560387396776,
        0.008373026929159717,
        0.008327082509356664,
        0.008326898621417946,
        0.008323216427503744,
        0.008358793205399884,
        0.008352939595990792,
        0.00828688780254707,
        0.00831139127996455,
        0.008327187138337007,
        0.008290652330487785,
        0.008265076633883504,
        0.008306902109236434,
        0.008296808043335815,
        0.008292044473175959,
        0.008276230990659536,
        0.008235106999963158,
        0.008280892569639878,
        0.008256170921391102,
        0.008263681975488619,
        0.008284358015261227,
        0.008269275569856712
    ],
    "val.mse": [
        0.020799610763788223,
        0.022519603371620178,
        0.02566399797797203,
        0.020490411669015884,
        0.021952109411358833,
        0.022380847483873367,
        0.021439814940094948,
        0.018339447677135468,
        0.020623860880732536,
        0.02114681527018547,
        0.029955590143799782,
        0.02124612405896187,
        0.024250119924545288,
        0.028689643368124962,
        0.016294023022055626,
        0.020043451339006424,
        0.022328495979309082,
        0.01961732655763626,
        0.018032385036349297,
        0.020036812871694565,
        0.01439008116722107,
        0.023737652227282524,
        0.02376839891076088,
        0.016529163345694542,
        0.015440094284713268,
        0.016583498567342758,
        0.016135891899466515,
        0.014009811915457249,
        0.01804947480559349,
        0.03024909645318985,
        0.020370859652757645,
        0.020586801692843437,
        0.01747879758477211,
        0.018547995015978813,
        0.01439587026834488,
        0.015073560178279877,
        0.0220243688672781,
        0.022815832868218422,
        0.024869699031114578,
        0.01066529005765915,
        0.009836756624281406,
        0.009942037984728813,
        0.009767216630280018,
        0.009893271140754223,
        0.009826981462538242,
        0.009038015268743038,
        0.009998315945267677,
        0.010430477559566498,
        0.010262508876621723,
        0.009511495940387249,
        0.008762944489717484,
        0.009061677381396294,
        0.009815923869609833,
        0.009295781143009663,
        0.009372173808515072,
        0.010156400501728058,
        0.009154625236988068,
        0.009951156564056873,
        0.009185872040688992,
        0.009276188910007477,
        0.00895528495311737,
        0.011094100773334503,
        0.008272098377346992,
        0.008085551671683788,
        0.008100313134491444,
        0.008112400770187378,
        0.008047593757510185,
        0.00809815526008606,
        0.008110281080007553,
        0.008118228986859322,
        0.00802783016115427,
        0.00808449275791645,
        0.008079152554273605,
        0.008048641495406628,
        0.008081699721515179,
        0.008131098002195358,
        0.00804742518812418,
        0.008020978420972824,
        0.008139055222272873,
        0.00804873462766409,
        0.00806462299078703,
        0.008120828308165073,
        0.008101200684905052,
        0.008170959539711475,
        0.008054762147367,
        0.00817111600190401,
        0.008056090213358402,
        0.008130548521876335,
        0.008106323890388012
    ]
}