{
    "epoch": 92,
    "test.bias": [
        -23.317405700683594
    ],
    "test.err-rel": [
        21.519653499126434
    ],
    "test.mse": [
        57363.31640625
    ],
    "test.rmse": [
        239.50640159763998
    ],
    "train.mse": [
        0.06248298323735958,
        0.02145473752170801,
        0.020302119937430068,
        0.01950992498455978,
        0.01867618140332946,
        0.017950210589688362,
        0.017280524801008584,
        0.01662563568367282,
        0.016456295997358678,
        0.015159556715999072,
        0.0144672246547643,
        0.014266807693851793,
        0.014545530472632224,
        0.014415589189611194,
        0.014137201289441891,
        0.014096840602777353,
        0.014336424425426052,
        0.014345565969805891,
        0.013803870843087391,
        0.013937227626717308,
        0.0138303426991603,
        0.013943301809088485,
        0.013714561704546213,
        0.01382818492129445,
        0.013620990464781843,
        0.01367885297414188,
        0.013904713349780294,
        0.013404343697446875,
        0.013675384354073464,
        0.013813888512142911,
        0.013369260753345926,
        0.013635957681732933,
        0.013692844312683475,
        0.013367508998049832,
        0.011421955735763399,
        0.010993511007144683,
        0.010862404083060781,
        0.010703665772225798,
        0.01064766826471541,
        0.010567815349687164,
        0.010506018303425574,
        0.010378219295156801,
        0.010192722706805641,
        0.01021960897870907,
        0.010046069970263577,
        0.00988167863361901,
        0.00995362896994665,
        0.009926689868202297,
        0.00977587088851667,
        0.009662984938519756,
        0.009694631506757038,
        0.009643013378968689,
        0.009616617797646762,
        0.009539477158019819,
        0.009510103022543395,
        0.009526742520037948,
        0.009489306850676857,
        0.009378032540198325,
        0.009493658324794435,
        0.009357802109883689,
        0.009355197376685172,
        0.009357260185202993,
        0.009298212073811488,
        0.009319085536933527,
        0.009312942308918914,
        0.009222520594825832,
        0.00924298340999862,
        0.009209803183472193,
        0.009278134028313727,
        0.00928705193318154,
        0.00915593306374986,
        0.009146812306603462,
        0.008601930077619306,
        0.008526751657993329,
        0.008515430585958245,
        0.008474247206411347,
        0.008500452789409859,
        0.00853284136619328,
        0.008475620089462253,
        0.008470801344118649,
        0.008452439575637804,
        0.008464350123753453,
        0.008439422434582034,
        0.008438203180004366,
        0.008433490755922365,
        0.008393120562953011,
        0.008416047410630598,
        0.008395990629385158,
        0.008407328686699635,
        0.008430233966309304,
        0.008439290419607082,
        0.008411672724433607
    ],
    "val.mse": [
        0.022340839728713036,
        0.02556454762816429,
        0.023432785645127296,
        0.02286355569958687,
        0.02092822454869747,
        0.021778658032417297,
        0.029933258891105652,
        0.01742713712155819,
        0.018779490143060684,
        0.01996157504618168,
        0.020962074398994446,
        0.032057687640190125,
        0.01884026825428009,
        0.01970565691590309,
        0.017355186864733696,
        0.02188686840236187,
        0.0298435278236866,
        0.014011087827384472,
        0.01928488351404667,
        0.02274259924888611,
        0.014713473618030548,
        0.02029569447040558,
        0.013898702338337898,
        0.019227566197514534,
        0.020342310890555382,
        0.019289754331111908,
        0.022488540038466454,
        0.015848079696297646,
        0.02573404274880886,
        0.015928547829389572,
        0.016502058133482933,
        0.020372100174427032,
        0.025586115196347237,
        0.021664297208189964,
        0.010302281938493252,
        0.010188915766775608,
        0.010732684284448624,
        0.010527164675295353,
        0.010245844721794128,
        0.009979955852031708,
        0.010547156445682049,
        0.01063929870724678,
        0.009578684344887733,
        0.009829336777329445,
        0.009383120574057102,
        0.009816299192607403,
        0.009584108367562294,
        0.009627980180084705,
        0.009816610254347324,
        0.009400155395269394,
        0.009369045495986938,
        0.009421280585229397,
        0.00973761547356844,
        0.009462542831897736,
        0.009038357064127922,
        0.009910117834806442,
        0.009243619628250599,
        0.009126477874815464,
        0.009716762229800224,
        0.00920773483812809,
        0.008916002698242664,
        0.01003121118992567,
        0.009022167883813381,
        0.009890595450997353,
        0.010269204154610634,
        0.00999420415610075,
        0.009606750681996346,
        0.00907908845692873,
        0.00899144820868969,
        0.011299245990812778,
        0.009145001880824566,
        0.009273524396121502,
        0.008321327157318592,
        0.008247212506830692,
        0.008273170329630375,
        0.008187776431441307,
        0.008220888674259186,
        0.00817203614860773,
        0.008208949118852615,
        0.008177284151315689,
        0.00815486628562212,
        0.008176588453352451,
        0.008278893306851387,
        0.008218278177082539,
        0.008168504573404789,
        0.008164603263139725,
        0.008297538384795189,
        0.008175232447683811,
        0.008209828287363052,
        0.008158453740179539,
        0.008251811377704144,
        0.008225076831877232
    ]
}