{
    "epoch": 93,
    "test.bias": [
        -14.543859481811523
    ],
    "test.err-rel": [
        20.996561646461487
    ],
    "test.mse": [
        54319.40625
    ],
    "test.rmse": [
        233.06524032982696
    ],
    "train.mse": [
        0.0637399876694672,
        0.021267910317585962,
        0.020470190997712495,
        0.019371762031280413,
        0.01875542722097257,
        0.01764397208987758,
        0.01674834695054082,
        0.01612875819001801,
        0.01585522635908025,
        0.015344313272025163,
        0.014529850714408406,
        0.014073515066695286,
        0.013769667964746676,
        0.013873158607677353,
        0.013583801107526553,
        0.01370580551191801,
        0.013448339052180328,
        0.013722693138733142,
        0.013583667638779776,
        0.013644758151935004,
        0.013198301468680545,
        0.013214297183766597,
        0.013250791036137721,
        0.013148853861976688,
        0.013109248404095813,
        0.01304940892974051,
        0.013222093620087678,
        0.010932523365382378,
        0.010410173500819905,
        0.010131447791780641,
        0.010030312333028854,
        0.009906788243026269,
        0.009997902358541401,
        0.009940864268417766,
        0.009739681243578472,
        0.009666191729171792,
        0.009576712240942004,
        0.009570335492310001,
        0.00938715474543775,
        0.009502964741663962,
        0.009298829620181605,
        0.009288775002038696,
        0.009234649288218195,
        0.009447716167991662,
        0.009244756446583423,
        0.009187323592103473,
        0.009166183253954642,
        0.009127585186123303,
        0.009093430992102296,
        0.009122545740044698,
        0.009121675964263155,
        0.009125483256378552,
        0.009013120232649692,
        0.009056448680916575,
        0.009072578648423276,
        0.008918599546432676,
        0.008983749359641678,
        0.008870357539641058,
        0.00886594487365517,
        0.008846717508986773,
        0.008812740056139485,
        0.008902071211373479,
        0.008263034436556443,
        0.008185460783041469,
        0.008161285000557943,
        0.00811416577979377,
        0.008146257747373566,
        0.008073245459122629,
        0.008120063581594788,
        0.008090339419318408,
        0.008043893695263782,
        0.00806510638411543,
        0.008100654444339253,
        0.008074567383495955,
        0.008042529157203873,
        0.008090466874220022,
        0.008012852719530644,
        0.008072948813006827,
        0.008025419676858114,
        0.00802761665545404,
        0.008014126905103827,
        0.008000803659897207,
        0.007985061656388386,
        0.007981179600081793,
        0.00798255928916993,
        0.00801600271086322,
        0.007973981441975368,
        0.00793518398309172,
        0.008016149212447246,
        0.007977614264435521,
        0.007981094114323397,
        0.008003643898452381,
        0.007975721288835856
    ],
    "val.mse": [
        0.022772125899791718,
        0.02361510880291462,
        0.02208000421524048,
        0.018872985616326332,
        0.022459257394075394,
        0.01890244521200657,
        0.019589023664593697,
        0.017198972404003143,
        0.01673932373523712,
        0.016282515600323677,
        0.02392750233411789,
        0.019054612144827843,
        0.023554863408207893,
        0.017365284264087677,
        0.014345312491059303,
        0.013662097044289112,
        0.02491581253707409,
        0.017613403499126434,
        0.025547536090016365,
        0.017414119094610214,
        0.01787307858467102,
        0.016948677599430084,
        0.014985717833042145,
        0.0235555712133646,
        0.02237122505903244,
        0.017080770805478096,
        0.0150438342243433,
        0.009936477988958359,
        0.009611491113901138,
        0.0099143972620368,
        0.009907729923725128,
        0.011616718024015427,
        0.009383540600538254,
        0.010000071488320827,
        0.009756824932992458,
        0.010496928356587887,
        0.009043502621352673,
        0.009449495002627373,
        0.009501362219452858,
        0.008583860471844673,
        0.00918509066104889,
        0.010645048692822456,
        0.00983565952628851,
        0.009309478104114532,
        0.00879140105098486,
        0.009525001049041748,
        0.008861538022756577,
        0.009184151887893677,
        0.009658468887209892,
        0.008751830086112022,
        0.00849534384906292,
        0.008958160877227783,
        0.008818048983812332,
        0.009876042604446411,
        0.009755670092999935,
        0.008582677692174911,
        0.00888410210609436,
        0.008788397535681725,
        0.010038545355200768,
        0.009844649583101273,
        0.009552324190735817,
        0.009312980808317661,
        0.007813476957380772,
        0.007869662716984749,
        0.007803363725543022,
        0.007747240364551544,
        0.007821457460522652,
        0.007767487782984972,
        0.007802701089531183,
        0.007725575007498264,
        0.007829624228179455,
        0.007712218910455704,
        0.007772937882691622,
        0.007752485107630491,
        0.00772909726947546,
        0.007903937250375748,
        0.007868866436183453,
        0.007752476260066032,
        0.0077288527972996235,
        0.007812884636223316,
        0.007761975284665823,
        0.0076754107140004635,
        0.00775472866371274,
        0.007727771066129208,
        0.007735085673630238,
        0.007702906150370836,
        0.007762960623949766,
        0.0077886334620416164,
        0.0078075784258544445,
        0.007797211408615112,
        0.00781987514346838,
        0.007816220633685589,
        0.00788142904639244
    ]
}