{
    "epoch": 91,
    "test.bias": [
        -1.9732249975204468
    ],
    "test.err-rel": [
        9.342940151691437
    ],
    "test.mse": [
        7109.08154296875
    ],
    "test.rmse": [
        84.31536955365107
    ],
    "train.mse": [
        0.0041787261067344735,
        0.0023083485066478244,
        0.0022151078095351343,
        0.0021569640625329007,
        0.0020365588453007833,
        0.0017793269853470174,
        0.0010447020628619808,
        0.0010285220568346204,
        0.0008262448261941334,
        0.0007127256094399917,
        0.0006627196885400077,
        0.0006891857228341723,
        0.0007956839278655122,
        0.0006061617791379144,
        0.0006097508787062444,
        0.0005944309759416155,
        0.0006089215683137525,
        0.0004589094612546621,
        0.0004937682205964193,
        0.00044151329421025803,
        0.0004462719234716069,
        0.00044517150248611447,
        0.0004301303600087015,
        0.00043243307854745773,
        0.00042119819844860175,
        0.00035475112400386733,
        0.00037188435205104295,
        0.0003192636566611098,
        0.00030027567735294616,
        0.00026233394209367153,
        0.00024268901657252323,
        0.00027162877048771735,
        0.00025608198345331625,
        0.0002637200914271771,
        0.00024517364368506977,
        0.000205559975657306,
        0.00020582403114938235,
        0.00021716422898779538,
        0.00021798489072592385,
        0.00029062454697664064,
        0.000196851748907461,
        0.00023256628409799813,
        0.0002241940055767591,
        0.00019859134319720307,
        0.00025356132752861227,
        0.00021782890331930327,
        0.0001827681427365625,
        0.00023480173377976872,
        0.00018141390395536367,
        0.00015184396266229537,
        0.00013605646222193741,
        0.0001424096908288984,
        0.000133377309618051,
        0.00014102745131347414,
        0.00013757757866963535,
        0.00012753827782024333,
        0.0001267559965380461,
        0.00013142252052045428,
        0.00013563403135055942,
        0.00012806213676190277,
        0.00014109510537220647,
        0.00013125396548284082,
        0.00013307089183863799,
        0.00013396395976863592,
        0.0001284868295911248,
        0.00011885046676297331,
        0.0001234520854722027,
        0.0001236257950932988,
        0.00011984651841047938,
        0.00013070279317294706,
        0.00011795827944433026,
        0.0001060582354726131,
        0.0001267093195569634,
        0.00011806663022363572,
        0.00011720021892613612,
        0.00012515451473014055,
        0.00011565564099198863,
        0.00011883637905044867,
        0.00011326562841398434,
        0.00012481158385490174,
        0.00010552219450875404,
        0.00010585444176809467,
        0.0001095466752541208,
        0.000106075137284707,
        0.00010773896777406465,
        0.00010170584673708899,
        0.00010474351092471279,
        0.00010149993920576105,
        0.00010579916136569966,
        0.0001062177423735655,
        0.00010181223558580029
    ],
    "val.mse": [
        0.06629430502653122,
        0.06575236469507217,
        0.0650680884718895,
        0.08490046113729477,
        0.0647202581167221,
        0.04215141385793686,
        0.03406853973865509,
        0.02409556321799755,
        0.022324275225400925,
        0.025887472555041313,
        0.03235750272870064,
        0.020146695896983147,
        0.04270154610276222,
        0.01854783110320568,
        0.020544763654470444,
        0.014806692488491535,
        0.024255219846963882,
        0.018581915646791458,
        0.01774233765900135,
        0.013053212314844131,
        0.014729822054505348,
        0.013510913588106632,
        0.025800324976444244,
        0.015559524297714233,
        0.012362539768218994,
        0.012451911345124245,
        0.013968090526759624,
        0.0131002776324749,
        0.009223975241184235,
        0.01163239125162363,
        0.01199976447969675,
        0.010286514647305012,
        0.009320837445557117,
        0.01901865005493164,
        0.008535887114703655,
        0.009924905374646187,
        0.007267989683896303,
        0.010738257318735123,
        0.009683880023658276,
        0.009643037803471088,
        0.007711134850978851,
        0.01180584728717804,
        0.007840840145945549,
        0.009816251695156097,
        0.00851139985024929,
        0.009159965440630913,
        0.008955666795372963,
        0.012316836044192314,
        0.007552211172878742,
        0.007071563042700291,
        0.007070350926369429,
        0.007024126127362251,
        0.00718705914914608,
        0.007077186834067106,
        0.007455470040440559,
        0.006993186194449663,
        0.007432511541992426,
        0.0069368439726531506,
        0.007182776927947998,
        0.006878567393869162,
        0.007081302348524332,
        0.007148899603635073,
        0.0069106947630643845,
        0.007122252602130175,
        0.0068826861679553986,
        0.006630231160670519,
        0.006579686421900988,
        0.006796277593821287,
        0.0063077243976294994,
        0.007094646338373423,
        0.006624635308980942,
        0.0066854627802968025,
        0.006797585170716047,
        0.006566712167114019,
        0.006734574679285288,
        0.00668320432305336,
        0.00691350968554616,
        0.006693595554679632,
        0.00669412687420845,
        0.007376315072178841,
        0.006681492086499929,
        0.006699053570628166,
        0.0067231617867946625,
        0.006760700140148401,
        0.006736737675964832,
        0.00669435877352953,
        0.006674078293144703,
        0.006801437120884657,
        0.006724830251187086,
        0.006736826617270708,
        0.006737294606864452
    ]
}