{
    "epoch": 79,
    "test.bias": [
        -11.51378345489502
    ],
    "test.err-rel": [
        17.311419546604156
    ],
    "test.mse": [
        38475.4453125
    ],
    "test.rmse": [
        196.15158758597903
    ],
    "train.mse": [
        0.013575956297702856,
        0.006401007911132545,
        0.006090394750538265,
        0.0059376112763879834,
        0.005859091603168234,
        0.0058425093266349405,
        0.005804097939352071,
        0.005707790343356984,
        0.005675765616321785,
        0.005670215026330874,
        0.0056742898518254295,
        0.005614928154980544,
        0.005573361195184244,
        0.00563333608117533,
        0.005616860666676708,
        0.005592955799877459,
        0.005530381343842293,
        0.005571766626321196,
        0.005544949027923693,
        0.005598953034242858,
        0.0055589461323128355,
        0.005569991406909427,
        0.005473666205446912,
        0.005548362799497865,
        0.005508823427284912,
        0.005500947220702164,
        0.005531961240036332,
        0.005521994014704449,
        0.005500264222855153,
        0.005529961667330183,
        0.005481793224140539,
        0.00550527402390697,
        0.00550033745893873,
        0.005465016289619926,
        0.005466294636868913,
        0.00548682472327296,
        0.005502072914925792,
        0.005493921433106898,
        0.005480099434715621,
        0.00551448561690794,
        0.0055095808644148505,
        0.0055096411921361586,
        0.0055377909231074844,
        0.005514663033858404,
        0.005449718986608967,
        0.005491980108553948,
        0.00548547368369395,
        0.005491817161811064,
        0.0047855891825295755,
        0.004751722042026542,
        0.004759732081398646,
        0.0047550837275057295,
        0.004760085408408079,
        0.0047619475734344925,
        0.004774523583697792,
        0.00477342385659862,
        0.0047807475025563135,
        0.004777288778760234,
        0.00478760903897863,
        0.004784298490918016,
        0.0047010834941999145,
        0.004695002403202819,
        0.00469531415765006,
        0.004694474885610412,
        0.0046969871485015805,
        0.004696830917693536,
        0.0046965834780116076,
        0.004695643513226268,
        0.004697946854722426,
        0.0046965569121797815,
        0.004698354597579433,
        0.004697021159129391,
        0.004698407648258513,
        0.004697856384832759,
        0.004698113526755608,
        0.004699128762361888,
        0.004697387868839299,
        0.004699215619761196,
        0.004699748645750632
    ],
    "val.mse": [
        0.007069106679409742,
        0.006660794373601675,
        0.00652671791613102,
        0.006428566761314869,
        0.006419461220502853,
        0.006377642508596182,
        0.0063644889742136,
        0.006369607523083687,
        0.006308963522315025,
        0.006204615347087383,
        0.006329829338937998,
        0.006087297108024359,
        0.006246414501219988,
        0.006120261736214161,
        0.006246674340218306,
        0.006130031310021877,
        0.006107625551521778,
        0.006217410787940025,
        0.00605764240026474,
        0.0061524491757154465,
        0.006053383462131023,
        0.0061101350001990795,
        0.005939030554145575,
        0.006063480395823717,
        0.006027220282703638,
        0.006304001901298761,
        0.005992901511490345,
        0.006170021835714579,
        0.006108006462454796,
        0.006047854665666819,
        0.006222409661859274,
        0.006101857405155897,
        0.006054371129721403,
        0.005924602970480919,
        0.006322837900370359,
        0.006059620063751936,
        0.005900937132537365,
        0.006210006307810545,
        0.0061147212982177734,
        0.006041893269866705,
        0.006019688211381435,
        0.005978540983051062,
        0.006267160642892122,
        0.00617609079927206,
        0.0060234684497118,
        0.006040083710104227,
        0.006055292207747698,
        0.006108858156949282,
        0.005327502265572548,
        0.005369849503040314,
        0.005375811364501715,
        0.005372380372136831,
        0.00536396075040102,
        0.005372874904423952,
        0.00534569937735796,
        0.005382148548960686,
        0.005342724267393351,
        0.005384951364248991,
        0.005384462419897318,
        0.005381246097385883,
        0.005300750490278006,
        0.005305025260895491,
        0.0053171380423009396,
        0.005303866695612669,
        0.00531323067843914,
        0.005301938857883215,
        0.005311747081577778,
        0.005286497995257378,
        0.00529171247035265,
        0.0053015160374343395,
        0.0053141117095947266,
        0.005316083785146475,
        0.005315709393471479,
        0.005311622284352779,
        0.005315789952874184,
        0.005318171344697475,
        0.005301710218191147,
        0.005309664644300938,
        0.0052980887703597546
    ]
}