{
    "epoch": 108,
    "test.bias": [
        -41.0214958190918
    ],
    "test.err-rel": [
        28.700873255729675
    ],
    "test.mse": [
        99120.90625
    ],
    "test.rmse": [
        314.83472846876344
    ],
    "train.mse": [
        0.06559772931448207,
        0.021310847547904747,
        0.020145923841926382,
        0.01993024312868351,
        0.019603794906288385,
        0.019139352845164333,
        0.019178743235676025,
        0.018825110706796006,
        0.018880144022859452,
        0.018760007385891384,
        0.018837543726876016,
        0.018846578498529953,
        0.018865776350494565,
        0.018783008032364816,
        0.01896200946918348,
        0.01880488272120313,
        0.018827190827124002,
        0.019025945717968593,
        0.01914595880704682,
        0.018945038761580137,
        0.01909749172400774,
        0.018984081246322247,
        0.018833286537811522,
        0.017000068654874113,
        0.016616559013860617,
        0.016594488139650445,
        0.016530267871552852,
        0.01646651448000495,
        0.01631069724538886,
        0.016308967603325116,
        0.016221763628603118,
        0.016153155019643102,
        0.016118543864250545,
        0.01605380139677081,
        0.015902244644921,
        0.015977857481097667,
        0.016034487470212144,
        0.015696493942835708,
        0.01589440692943044,
        0.015758736013639266,
        0.015698157557536188,
        0.01560403626389438,
        0.0156431189431559,
        0.01557537878681792,
        0.01565072478204057,
        0.015661593651535306,
        0.01565195656972142,
        0.015457979074066005,
        0.015568792598503755,
        0.015454797818121023,
        0.015411346020722172,
        0.014849861589737418,
        0.014785669215886695,
        0.014753181930267957,
        0.014751058866883196,
        0.014769173420329646,
        0.0146859245340726,
        0.014689575858050731,
        0.014732978766693211,
        0.014676625902832644,
        0.014642221336366563,
        0.014652507033244503,
        0.014643796816150226,
        0.014663208679227931,
        0.014584420765636534,
        0.01468830601675663,
        0.014619260958236893,
        0.014644888377316841,
        0.01462810752322761,
        0.014596120170431166,
        0.014560871888179241,
        0.014583861813085472,
        0.014649452545066796,
        0.014580275988342559,
        0.014569294161912872,
        0.014577053930246976,
        0.014598388855186542,
        0.014583094499823524,
        0.01456552358321482,
        0.01450972336844155,
        0.014533561978080287,
        0.014544456231793979,
        0.0145417217324238,
        0.014513567362616702,
        0.014526307418170134,
        0.014520986874519689,
        0.014504856248272628,
        0.014567857097107463,
        0.014498249497037471,
        0.01447713376227312,
        0.01447715833442422,
        0.014547718944391462,
        0.014447599450671455,
        0.014510318364312009,
        0.01448029129788643,
        0.014462032139573882,
        0.014476210656916587,
        0.014453548597308194,
        0.014475476382890852,
        0.014480628845531767,
        0.014488168912598999,
        0.014470234842652955,
        0.014484743087938646,
        0.014524249445147267,
        0.014476941665634513,
        0.01446798754424402,
        0.01444843857798998,
        0.014443313174812896
    ],
    "val.mse": [
        0.025077369064092636,
        0.020916691049933434,
        0.02188408374786377,
        0.020917847752571106,
        0.022445544600486755,
        0.021891837939620018,
        0.03269007429480553,
        0.020864171907305717,
        0.027455303817987442,
        0.01884046010673046,
        0.023620624095201492,
        0.018326692283153534,
        0.022274527698755264,
        0.0256721880286932,
        0.020306812599301338,
        0.018933972343802452,
        0.02176450937986374,
        0.021778617054224014,
        0.01916619949042797,
        0.021120887249708176,
        0.022766953334212303,
        0.021562816575169563,
        0.023758241906762123,
        0.01641155406832695,
        0.015941791236400604,
        0.016020270064473152,
        0.016124563291668892,
        0.015430920757353306,
        0.016202522441744804,
        0.015641525387763977,
        0.01708519272506237,
        0.016641799360513687,
        0.017879975959658623,
        0.015228665433824062,
        0.015866123139858246,
        0.016185784712433815,
        0.01516998466104269,
        0.015337818302214146,
        0.016958896070718765,
        0.014752987772226334,
        0.016291042789816856,
        0.015424340032041073,
        0.01512390561401844,
        0.015224235132336617,
        0.015155334956943989,
        0.01618099957704544,
        0.016045264899730682,
        0.01566299796104431,
        0.015504572540521622,
        0.015064540319144726,
        0.01545519009232521,
        0.014250855892896652,
        0.014213713817298412,
        0.014205150306224823,
        0.014173969626426697,
        0.014271116815507412,
        0.014209846034646034,
        0.014221257530152798,
        0.014225827530026436,
        0.014269335195422173,
        0.014226102270185947,
        0.014247860759496689,
        0.014260217547416687,
        0.014192325063049793,
        0.01418418250977993,
        0.014154029078781605,
        0.014171158894896507,
        0.01415806170552969,
        0.014173808507621288,
        0.01413947343826294,
        0.014162912033498287,
        0.014214127324521542,
        0.014245446771383286,
        0.014135773293673992,
        0.01420955453068018,
        0.014165673404932022,
        0.014217022806406021,
        0.014148108661174774,
        0.01409393921494484,
        0.014177481643855572,
        0.014126777648925781,
        0.014138179831206799,
        0.014115623198449612,
        0.014135831035673618,
        0.014136222191154957,
        0.014200023375451565,
        0.01407480239868164,
        0.014097416773438454,
        0.01419004425406456,
        0.014226546511054039,
        0.014122220687568188,
        0.014246278442442417,
        0.014118104241788387,
        0.01412568986415863,
        0.014122383669018745,
        0.014156423509120941,
        0.014062298461794853,
        0.014088595286011696,
        0.014117496088147163,
        0.014225412160158157,
        0.014196504838764668,
        0.014200355857610703,
        0.014087819494307041,
        0.014155103825032711,
        0.01407577469944954,
        0.014136378653347492,
        0.014080098830163479,
        0.014063574373722076
    ]
}