{
    "epoch": 97,
    "test.bias": [
        -5.324260234832764
    ],
    "test.err-rel": [
        20.377327501773834
    ],
    "test.mse": [
        50573.71484375
    ],
    "test.rmse": [
        224.88600410819257
    ],
    "train.mse": [
        0.06262194896798308,
        0.021416688667292277,
        0.020292314394127306,
        0.020021570437565084,
        0.019480765672264304,
        0.01937238121314383,
        0.01879576726521297,
        0.018038355824878304,
        0.017721587916972432,
        0.017537384878889454,
        0.017454103737070067,
        0.01773275858609051,
        0.017298733741726455,
        0.01734280575452963,
        0.016936857730331944,
        0.01688153488084492,
        0.01672401482511948,
        0.016368461710332734,
        0.01625813985039003,
        0.013752536138337924,
        0.013180854900671942,
        0.013001799555041077,
        0.012735472759231925,
        0.012523202208529522,
        0.012265055605051358,
        0.011962888217190416,
        0.011622770655355075,
        0.01132846920092295,
        0.01087470846704957,
        0.010567728918409201,
        0.010171713716373211,
        0.010160880583542876,
        0.00986111680295591,
        0.009786199329693506,
        0.00974751659668982,
        0.009779174042661197,
        0.009513445715306372,
        0.00932422379406578,
        0.009303610936579545,
        0.00944467449685695,
        0.009276129861884728,
        0.009182011927250863,
        0.009253262772179412,
        0.008943695819187091,
        0.00907678021083972,
        0.009071041781614284,
        0.008999113740240474,
        0.009030997259088042,
        0.008914136393109291,
        0.008969907626146224,
        0.008864014295906556,
        0.008827691608131296,
        0.008808582941660793,
        0.008961434822484123,
        0.008879389426466532,
        0.008746756288995286,
        0.008818791685171606,
        0.00875007999754261,
        0.00887810949111221,
        0.008852886592560425,
        0.008743126541603266,
        0.008801245817732884,
        0.008854624625045533,
        0.008761788644578035,
        0.008826829288609145,
        0.008593399103208468,
        0.008559824884642006,
        0.008851599831293086,
        0.008833701691090516,
        0.008642766042612493,
        0.008654764214553303,
        0.008001097236623669,
        0.007902819120961174,
        0.007898176844209069,
        0.007831479013874763,
        0.007807771124445447,
        0.007778567489145733,
        0.007829392371449346,
        0.007791205016873413,
        0.007802156810989467,
        0.0077927244270629276,
        0.00777159997250703,
        0.007781729780750849,
        0.007728748262019419,
        0.0077206880001850975,
        0.0077360833472594984,
        0.007728403354654225,
        0.007743702301323959,
        0.007744855463232209,
        0.007689080723538631,
        0.007725420342644722,
        0.007718059912937262,
        0.007808190619959156,
        0.0076843628818850694,
        0.007692381963928844,
        0.007679887368661783,
        0.0076557021906099665
    ],
    "val.mse": [
        0.02340497076511383,
        0.023867564275860786,
        0.019197877496480942,
        0.020501013845205307,
        0.02159222587943077,
        0.020915690809488297,
        0.0396726094186306,
        0.016821036115288734,
        0.02350669912993908,
        0.03549735248088837,
        0.024830996990203857,
        0.021103281527757645,
        0.03326578810811043,
        0.01966658979654312,
        0.020028339698910713,
        0.019307686015963554,
        0.01917656697332859,
        0.02135084755718708,
        0.017514007166028023,
        0.013232612982392311,
        0.013458942994475365,
        0.01258590817451477,
        0.012736432254314423,
        0.011671669781208038,
        0.011903701350092888,
        0.011642029508948326,
        0.011181283742189407,
        0.010349176824092865,
        0.010794950649142265,
        0.010058381594717503,
        0.009639645926654339,
        0.010415002703666687,
        0.009145927615463734,
        0.01139361597597599,
        0.009739869274199009,
        0.010393224656581879,
        0.009268900379538536,
        0.01037299633026123,
        0.00921810045838356,
        0.009051253087818623,
        0.009530631825327873,
        0.009366774000227451,
        0.008702881634235382,
        0.008846228942275047,
        0.009727892465889454,
        0.009361076168715954,
        0.008977817371487617,
        0.008606565184891224,
        0.009371033869683743,
        0.008762707933783531,
        0.009837955236434937,
        0.009000683203339577,
        0.00935053825378418,
        0.009326573461294174,
        0.008930942974984646,
        0.008559918962419033,
        0.009443413466215134,
        0.008829496800899506,
        0.008376476354897022,
        0.00830925814807415,
        0.008615626953542233,
        0.008927552029490471,
        0.008609543554484844,
        0.008793727494776249,
        0.009044252336025238,
        0.008379560895264149,
        0.008620846085250378,
        0.009668655693531036,
        0.008687335066497326,
        0.00920783169567585,
        0.009777598083019257,
        0.007602233439683914,
        0.007601086050271988,
        0.007567140273749828,
        0.007573682814836502,
        0.007552372757345438,
        0.007509196642786264,
        0.007528458256274462,
        0.007570166606456041,
        0.007567316759377718,
        0.007536597084254026,
        0.007546813227236271,
        0.007574458606541157,
        0.00754680996760726,
        0.007509613875299692,
        0.007459938060492277,
        0.007507374510169029,
        0.007541256491094828,
        0.007549122907221317,
        0.007590422406792641,
        0.007525886874645948,
        0.007547636050730944,
        0.007504872512072325,
        0.007533176802098751,
        0.0075195771642029285,
        0.007667550351470709,
        0.0075560943223536015
    ]
}