{
    "epoch": 92,
    "test.bias": [
        -13.228494644165039
    ],
    "test.err-rel": [
        20.919881761074066
    ],
    "test.mse": [
        53751.6875
    ],
    "test.rmse": [
        231.84410171492394
    ],
    "train.mse": [
        0.06415215986440094,
        0.021436392806652115,
        0.020261825721074895,
        0.019889238154197613,
        0.01957476768279221,
        0.01912963156383939,
        0.018804214395037513,
        0.018655994134705242,
        0.01847906341412809,
        0.01801695718952432,
        0.018064842627542776,
        0.0179958851871694,
        0.017596500414628083,
        0.01771709342805169,
        0.01783066338904929,
        0.01774596308766887,
        0.017605944440086802,
        0.01774104159302646,
        0.01745465107080413,
        0.017489758950499135,
        0.017360666511216906,
        0.01740689138972723,
        0.0153966024518013,
        0.014761721465464046,
        0.014711413430277168,
        0.014485655437655202,
        0.014137377723960615,
        0.014058756113915546,
        0.01393518106239598,
        0.01364862065330693,
        0.013417425571100377,
        0.013248060932155789,
        0.013083706450898474,
        0.01273850668448864,
        0.012507343312679994,
        0.012509348609189435,
        0.012416071610570682,
        0.01223604872868192,
        0.012090508672749488,
        0.011876117051919786,
        0.011691589430883163,
        0.011461439002986724,
        0.01127034953863519,
        0.0111895732343106,
        0.011126164068672352,
        0.010987051614991776,
        0.010863100990607607,
        0.010715317520562833,
        0.010583880681135669,
        0.01025897337169182,
        0.010215045390196326,
        0.009833656382042824,
        0.009724272875024415,
        0.009481413545450422,
        0.009448135958802773,
        0.009529292455692662,
        0.00933252579941437,
        0.009275110043789737,
        0.009402629325915946,
        0.009309792698065682,
        0.009325435081292398,
        0.009217053501321593,
        0.00920788336988175,
        0.009229131889097937,
        0.00911130979884325,
        0.009017391573274282,
        0.009166129345142441,
        0.00899693424381861,
        0.009125403721998559,
        0.00901913536689812,
        0.008360805097831095,
        0.00828002534647722,
        0.008243125093896396,
        0.00820878427191751,
        0.008220119342185193,
        0.008144473617260412,
        0.008166594958932297,
        0.00816942260475693,
        0.008109625613475899,
        0.008168974882786775,
        0.008146011824265303,
        0.00813883804239151,
        0.008130105112951884,
        0.008122723339488956,
        0.008153984891023577,
        0.008092042038830497,
        0.008081546581418412,
        0.008156542061464635,
        0.008095817268462625,
        0.008072712194606117,
        0.008063569196454453,
        0.008091928264148897
    ],
    "val.mse": [
        0.023407861590385437,
        0.02254178747534752,
        0.025090593844652176,
        0.021769095212221146,
        0.023777278140187263,
        0.020220939069986343,
        0.02779308147728443,
        0.020909834653139114,
        0.023577652871608734,
        0.032450832426548004,
        0.017904244363307953,
        0.018609581515192986,
        0.03331129252910614,
        0.023122815415263176,
        0.020697282627224922,
        0.021992631256580353,
        0.01875295490026474,
        0.02102578617632389,
        0.0261983722448349,
        0.02503799833357334,
        0.025491155683994293,
        0.0274690892547369,
        0.015487954951822758,
        0.014508337713778019,
        0.013581710867583752,
        0.015520947985351086,
        0.013405301608145237,
        0.01461583748459816,
        0.013021344318985939,
        0.014008818194270134,
        0.013631663285195827,
        0.012599649839103222,
        0.012343545444309711,
        0.012430574744939804,
        0.013274223543703556,
        0.011935781687498093,
        0.012851053848862648,
        0.011301212944090366,
        0.011438804678618908,
        0.011048817075788975,
        0.01204008236527443,
        0.011664380319416523,
        0.0117286192253232,
        0.011776464991271496,
        0.010615142062306404,
        0.011679981835186481,
        0.010575165040791035,
        0.01102567370980978,
        0.01110062561929226,
        0.01134137436747551,
        0.01100741047412157,
        0.010811783373355865,
        0.010887215845286846,
        0.009327400475740433,
        0.008892890065908432,
        0.009298852644860744,
        0.01097143068909645,
        0.009978038258850574,
        0.00856607872992754,
        0.009298557415604591,
        0.00986968819051981,
        0.009276393800973892,
        0.00978757906705141,
        0.01016564853489399,
        0.008769944310188293,
        0.009185056202113628,
        0.009008144028484821,
        0.008625269867479801,
        0.008918926119804382,
        0.00895717740058899,
        0.007824025116860867,
        0.007783978711813688,
        0.007854802533984184,
        0.007790022064000368,
        0.007827787660062313,
        0.007803690619766712,
        0.007890929467976093,
        0.0077631836757063866,
        0.007831567898392677,
        0.007828381843864918,
        0.0077302418649196625,
        0.007747552823275328,
        0.0077959513291716576,
        0.007824437692761421,
        0.007756052538752556,
        0.007776313461363316,
        0.007813031785190105,
        0.007756970357149839,
        0.007798274513334036,
        0.007744739763438702,
        0.007856469601392746,
        0.007741370238363743
    ]
}