{
    "epoch": 81,
    "test.bias": [
        -45.946327209472656
    ],
    "test.err-rel": [
        28.867128491401672
    ],
    "test.mse": [
        100697.4140625
    ],
    "test.rmse": [
        317.32855853594396
    ],
    "train.mse": [
        0.05872959444844505,
        0.021210732188348364,
        0.02089007556574737,
        0.020354553239374625,
        0.020077658760384087,
        0.020043560008450253,
        0.019537224002727647,
        0.01978864010832295,
        0.019581146651833522,
        0.01953969473337255,
        0.019398908903140846,
        0.019456162106064035,
        0.01965368236982968,
        0.019668037219472776,
        0.019572233383702797,
        0.019456861370311277,
        0.01959745860772162,
        0.017797533786151468,
        0.017469370567307966,
        0.01721186770648673,
        0.017198994619453827,
        0.017159446188044256,
        0.016966235432092372,
        0.016840868873703407,
        0.016825813692199383,
        0.01675146240059559,
        0.016608266477904667,
        0.016607741018893514,
        0.01657751175892971,
        0.016563416515454288,
        0.016377761238822487,
        0.016356872854663466,
        0.016195476259581926,
        0.016289227085596904,
        0.01623265185143526,
        0.01608996711126188,
        0.016142223933257344,
        0.01583824309565854,
        0.01595026169471988,
        0.015949393753189503,
        0.015829459536911512,
        0.015727056945651408,
        0.015741434453691288,
        0.01572357292468773,
        0.015733169891485353,
        0.01569270048426782,
        0.01577458247860394,
        0.015630273562969595,
        0.015637614020350868,
        0.015537202114057614,
        0.01554471407676252,
        0.015647892527872832,
        0.01564446318803764,
        0.015461873467557313,
        0.015413252920730085,
        0.015480629088947685,
        0.015384665173592,
        0.015372448475895131,
        0.015401907515053341,
        0.01552295830759515,
        0.015408379485739804,
        0.015403061605444768,
        0.015461977111266517,
        0.014856714431605324,
        0.01472032012236191,
        0.014626379556408742,
        0.014726774006082518,
        0.014640790024181692,
        0.014640394694785156,
        0.01470204604585178,
        0.014596261237407239,
        0.014641315471835253,
        0.0145861058461866,
        0.014605992450946716,
        0.014576583532843648,
        0.014592639596496777,
        0.014535797050041033,
        0.014609540642307298,
        0.01456810080832461,
        0.014561172444146217,
        0.014581807372273832
    ],
    "val.mse": [
        0.025020089000463486,
        0.022443808615207672,
        0.029128534719347954,
        0.030373873189091682,
        0.02314871735870838,
        0.01924748718738556,
        0.021165821701288223,
        0.022648680955171585,
        0.02331833727657795,
        0.02379639632999897,
        0.02130655199289322,
        0.02982073277235031,
        0.023574920371174812,
        0.029895713552832603,
        0.02802649326622486,
        0.025912882760167122,
        0.021853148937225342,
        0.01719711348414421,
        0.01666773110628128,
        0.016787772998213768,
        0.01764426939189434,
        0.017308034002780914,
        0.016518300399184227,
        0.01612468622624874,
        0.01686765067279339,
        0.01575024425983429,
        0.016988156363368034,
        0.015749260783195496,
        0.01647724024951458,
        0.016763953492045403,
        0.016436338424682617,
        0.015772104263305664,
        0.016619620844721794,
        0.01602110266685486,
        0.016403090208768845,
        0.01576441153883934,
        0.015449128113687038,
        0.016462769359350204,
        0.015358805656433105,
        0.015162251889705658,
        0.015475776977837086,
        0.015223185531795025,
        0.016492538154125214,
        0.01690772734582424,
        0.015221891924738884,
        0.01652383990585804,
        0.016474813222885132,
        0.015637710690498352,
        0.01562620885670185,
        0.015139338560402393,
        0.015130603685975075,
        0.014921554364264011,
        0.01494842953979969,
        0.015699945390224457,
        0.015402961522340775,
        0.01535974070429802,
        0.01526715885847807,
        0.014955710619688034,
        0.01532154530286789,
        0.01573520340025425,
        0.016642967239022255,
        0.015744788572192192,
        0.015163340605795383,
        0.01411428488790989,
        0.014115272089838982,
        0.014191469177603722,
        0.014135557226836681,
        0.014200453646481037,
        0.014207239262759686,
        0.014043168164789677,
        0.014133339747786522,
        0.01408945582807064,
        0.014118046499788761,
        0.014133431948721409,
        0.014071418903768063,
        0.01411932148039341,
        0.014152889139950275,
        0.014110855758190155,
        0.014175345189869404,
        0.014215248636901379,
        0.01412331871688366
    ]
}