{
    "epoch": 38,
    "test.bias": [
        -5.2182297706604
    ],
    "test.err-rel": [
        24.83784705400467
    ],
    "test.mse": [
        67139.8984375
    ],
    "test.rmse": [
        259.11367859976053
    ],
    "train.mse": [
        0.015048621378561354,
        0.010855929127761297,
        0.011106649043489687,
        0.01097981169565309,
        0.011036591245706037,
        0.011155932650016331,
        0.011176223820364622,
        0.011124785272231014,
        0.011173600498702585,
        0.011236905577297536,
        0.011230334182564887,
        0.011198723885398474,
        0.010220590007045994,
        0.010189866971062578,
        0.010196116249661267,
        0.010213950567919275,
        0.010194158933547713,
        0.010203361279845977,
        0.010219302479617344,
        0.010224130415351865,
        0.010240475681859144,
        0.010239878952827143,
        0.01024195962001263,
        0.010260532049011,
        0.010242926199798998,
        0.010119588270505762,
        0.010116074349939453,
        0.010100029090778057,
        0.010106034814061955,
        0.01011052245262617,
        0.010109354099779396,
        0.010104708899946316,
        0.010106476474992977,
        0.01010776722445066,
        0.010114434452854698,
        0.010113625578952502,
        0.010106409095829319,
        0.010114434979254414
    ],
    "val.mse": [
        0.010178479366004467,
        0.010444700717926025,
        0.010658920742571354,
        0.010438233613967896,
        0.010408728383481503,
        0.010237260721623898,
        0.010408586822450161,
        0.01056363433599472,
        0.010316028259694576,
        0.010773512534797192,
        0.011111240833997726,
        0.010514549911022186,
        0.009572455659508705,
        0.00953823421150446,
        0.009644783101975918,
        0.00955907627940178,
        0.009605110622942448,
        0.009633165784180164,
        0.00964650884270668,
        0.00968099758028984,
        0.009652028791606426,
        0.009613598696887493,
        0.009641172364354134,
        0.009676073677837849,
        0.009714461863040924,
        0.009513233788311481,
        0.009482292458415031,
        0.009502398781478405,
        0.009515583515167236,
        0.009513775818049908,
        0.009508322924375534,
        0.009530941024422646,
        0.00953424908220768,
        0.009564818814396858,
        0.009526199661195278,
        0.009497029706835747,
        0.009505167603492737,
        0.009528660215437412
    ]
}