{
    "epoch": 121,
    "test.bias": [
        -48.62142562866211
    ],
    "test.err-rel": [
        29.426932334899902
    ],
    "test.mse": [
        104671.90625
    ],
    "test.rmse": [
        323.5303791763611
    ],
    "train.mse": [
        0.06062338300185596,
        0.021218349680122806,
        0.020646681248142226,
        0.020113948619038594,
        0.020128377713263035,
        0.019673871171728866,
        0.019298992108371927,
        0.019508834939631747,
        0.019363237306384777,
        0.019142842692572895,
        0.019393631154898464,
        0.019267953205399396,
        0.019418336280689733,
        0.019270799781491117,
        0.01915277620186893,
        0.019175230752585863,
        0.01909988244041437,
        0.01942591545194751,
        0.019501024130277517,
        0.01925369793912623,
        0.01911317019882362,
        0.019452531129212643,
        0.01909233530892468,
        0.01908022127818407,
        0.019410308552678765,
        0.019313224988830525,
        0.019323322967421716,
        0.01943252182270332,
        0.01925220928813626,
        0.019492357844350543,
        0.019213286239835547,
        0.01915064926554517,
        0.019244162320363814,
        0.019308905128571318,
        0.019184007740965705,
        0.017431953865126137,
        0.01710831529528993,
        0.016905771869393748,
        0.016894696643803178,
        0.01682278663260726,
        0.01687560812002275,
        0.016667254973293806,
        0.01663820755599839,
        0.016511601412941408,
        0.016636420660311492,
        0.016500389379471903,
        0.01638875242390829,
        0.016526927495738718,
        0.01634036511091924,
        0.016319875145421887,
        0.016319535774882973,
        0.01614916701687545,
        0.016142451238432307,
        0.01610622710616487,
        0.015609443630659726,
        0.015522435608478944,
        0.01549427685464119,
        0.015475405453954165,
        0.015446381064177287,
        0.015458564972504973,
        0.015419432927468201,
        0.015389420092105865,
        0.015372011026867279,
        0.015351366615150033,
        0.015334089775001856,
        0.015356700623226239,
        0.015345694730058312,
        0.015408583808826601,
        0.01535881171002984,
        0.015319413880295143,
        0.015277333375884265,
        0.015254021253118791,
        0.015311322146572354,
        0.01521728629609797,
        0.015231834491714835,
        0.015250396403688483,
        0.01524861888369409,
        0.015334272143862597,
        0.015211671255756079,
        0.015230098858521116,
        0.015207143494768477,
        0.015214607647688286,
        0.015230244661613209,
        0.015262188878273818,
        0.015172895305312989,
        0.015181841294667342,
        0.015136146321665586,
        0.015238303906943014,
        0.015208145592179968,
        0.015164719514049045,
        0.015111604949641155,
        0.01515948811046234,
        0.015132818796967224,
        0.015090416884049773,
        0.015156654731892958,
        0.015125869324703405,
        0.015079117964998615,
        0.015122096008825593,
        0.01505396459478794,
        0.015094885341368797,
        0.015017923558267152,
        0.015082291299022915,
        0.015094389400740222,
        0.015075934681723394,
        0.015099703544387368,
        0.015089790387896866,
        0.015046704123250959,
        0.015018779858265345,
        0.01504040307865092,
        0.015104013466753247,
        0.015122026386784344,
        0.015050469573996052,
        0.015043808096202045,
        0.01501776910068967,
        0.01506463490517401,
        0.015018557777582871,
        0.015055199909001225,
        0.015012163657513334,
        0.015062761617960727,
        0.015059063693781087,
        0.015034541402511844
    ],
    "val.mse": [
        0.023397084325551987,
        0.021567625924944878,
        0.02152680978178978,
        0.02120586484670639,
        0.02531445398926735,
        0.024236517027020454,
        0.02896871417760849,
        0.02062314935028553,
        0.020855264738202095,
        0.02491241693496704,
        0.023215651512145996,
        0.021063514053821564,
        0.020582104101777077,
        0.02397472783923149,
        0.023876335471868515,
        0.020256681367754936,
        0.022669415920972824,
        0.029378246515989304,
        0.022705446928739548,
        0.020786114037036896,
        0.023007402196526527,
        0.02064288780093193,
        0.02049369551241398,
        0.017954999580979347,
        0.01894810050725937,
        0.026605594903230667,
        0.041963476687669754,
        0.019555212929844856,
        0.019543996080756187,
        0.023161988705396652,
        0.025064600631594658,
        0.06921608000993729,
        0.019845861941576004,
        0.028561456128954887,
        0.030918845906853676,
        0.01658652164041996,
        0.016288038343191147,
        0.01596672274172306,
        0.016282647848129272,
        0.016503121703863144,
        0.016445299610495567,
        0.016055943444371223,
        0.015601062215864658,
        0.015627505257725716,
        0.016535809263586998,
        0.015623273327946663,
        0.01670284941792488,
        0.01615719497203827,
        0.01631902903318405,
        0.016027385368943214,
        0.015873027965426445,
        0.015644362196326256,
        0.01619746722280979,
        0.015901384875178337,
        0.014905400574207306,
        0.01480859238654375,
        0.01476612314581871,
        0.014781977981328964,
        0.014830289408564568,
        0.014888627454638481,
        0.014757152646780014,
        0.0147366588935256,
        0.014703139662742615,
        0.014709385111927986,
        0.014707237482070923,
        0.01465023122727871,
        0.014655018225312233,
        0.01479276828467846,
        0.014653143472969532,
        0.014682978391647339,
        0.014712680131196976,
        0.014652887359261513,
        0.014612219296395779,
        0.014702197164297104,
        0.014692205004394054,
        0.014717688784003258,
        0.014604391530156136,
        0.014697394333779812,
        0.014670725911855698,
        0.014669864438474178,
        0.01458839699625969,
        0.014643657952547073,
        0.014599299058318138,
        0.014745739288628101,
        0.014661738649010658,
        0.014694694429636002,
        0.014819026924669743,
        0.014574010856449604,
        0.014649608172476292,
        0.014640074223279953,
        0.01463703066110611,
        0.014707032591104507,
        0.014599530026316643,
        0.014640960842370987,
        0.014575868844985962,
        0.014632313512265682,
        0.014553165063261986,
        0.01458116713911295,
        0.014644114300608635,
        0.014543261379003525,
        0.014573459513485432,
        0.014594550244510174,
        0.014499829150736332,
        0.014578976668417454,
        0.014563839882612228,
        0.014511274173855782,
        0.01456107571721077,
        0.014654611237347126,
        0.014566709287464619,
        0.014488252811133862,
        0.01456930860877037,
        0.014597870409488678,
        0.014540955424308777,
        0.014583353884518147,
        0.014512619003653526,
        0.014578218571841717,
        0.014572936110198498,
        0.01457088440656662,
        0.014566599391400814,
        0.014638850465416908,
        0.014526343904435635
    ]
}