{
    "epoch": 104,
    "test.bias": [
        -0.7671861052513123
    ],
    "test.err-rel": [
        21.463708579540253
    ],
    "test.mse": [
        55681.4140625
    ],
    "test.rmse": [
        235.9690955665593
    ],
    "train.mse": [
        0.06065795965856168,
        0.021636203999017795,
        0.02042698760221644,
        0.018410008412036227,
        0.017553377300273718,
        0.01691171316225536,
        0.016439123658417928,
        0.015641859806392613,
        0.015205578986419046,
        0.014786814010088764,
        0.01449047093188799,
        0.014307235583390405,
        0.014689129027651578,
        0.0145371157857703,
        0.014444907667206191,
        0.014211640307089178,
        0.014603600275089465,
        0.014371103255032765,
        0.0143408423641742,
        0.014126092167116883,
        0.01423426367705915,
        0.013879415635928148,
        0.014210393430846856,
        0.013933888738747777,
        0.013971113963279783,
        0.01380627200280021,
        0.01382600601262799,
        0.011672240568370355,
        0.011202270897650501,
        0.011066045578024009,
        0.01107626548036933,
        0.010913734011942657,
        0.010682807962705449,
        0.010707480577388552,
        0.010561222886303213,
        0.010410846784574592,
        0.01053482992006693,
        0.010252161973678484,
        0.010277791613167742,
        0.0102895325299625,
        0.010228520582952514,
        0.01015050024384769,
        0.010103372186876652,
        0.01006293864125704,
        0.010005638094210043,
        0.010103539370636388,
        0.00992962640210441,
        0.01004495786321236,
        0.010041505535610201,
        0.009894013262876287,
        0.009896506844997042,
        0.009820482756079333,
        0.00977194835091146,
        0.009820296786861813,
        0.009729418790013326,
        0.009811688254292055,
        0.009821387978906675,
        0.009714802744139621,
        0.00967631391363173,
        0.009742761286339018,
        0.00974379663310218,
        0.009785267603924362,
        0.009640827587601252,
        0.009592721738466403,
        0.009575883829511883,
        0.009585028065641115,
        0.009757235311198889,
        0.00964807601725092,
        0.009584378984915773,
        0.009602105568685546,
        0.009604608117625481,
        0.009600682150027373,
        0.00953828235633853,
        0.0095035864278765,
        0.009540820181960376,
        0.008993668728735207,
        0.008866487386091271,
        0.008858810868909264,
        0.008911368914130257,
        0.008846912819824023,
        0.008868375977660279,
        0.008854195228550674,
        0.008815713170007235,
        0.008816577440195875,
        0.008799275133486202,
        0.008821631713611324,
        0.00879829174202935,
        0.008783855980898186,
        0.008756790997278763,
        0.008733591070489549,
        0.008774842041908058,
        0.008739670020210125,
        0.00876722193788737,
        0.008766357028834158,
        0.008701175255360218,
        0.008765168221122244,
        0.008730380628371566,
        0.008756057450138941,
        0.008745378760689097,
        0.008676570811785939,
        0.008715092559435927,
        0.008693790151283326,
        0.008772280294357277,
        0.00875429620557442
    ],
    "val.mse": [
        0.023322777822613716,
        0.019578032195568085,
        0.020723091438412666,
        0.01996481418609619,
        0.02068650722503662,
        0.01891266740858555,
        0.01693619042634964,
        0.025033215060830116,
        0.01878179982304573,
        0.016727713868021965,
        0.017734237015247345,
        0.02304304949939251,
        0.01736169122159481,
        0.018925456330180168,
        0.03099009208381176,
        0.015089679509401321,
        0.01639108918607235,
        0.015332787297666073,
        0.016026103869080544,
        0.016318902373313904,
        0.015891028568148613,
        0.017259294167160988,
        0.020114678889513016,
        0.024927593767642975,
        0.021871279925107956,
        0.01743236370384693,
        0.018226653337478638,
        0.011062233708798885,
        0.01099867932498455,
        0.011751885525882244,
        0.010611712001264095,
        0.011974931694567204,
        0.010512853972613811,
        0.011050581000745296,
        0.011082550510764122,
        0.010673691518604755,
        0.01022327784448862,
        0.011204727925360203,
        0.010884067043662071,
        0.009943468496203423,
        0.009982259944081306,
        0.009983742609620094,
        0.010356215760111809,
        0.011951318010687828,
        0.010016024112701416,
        0.010661633685231209,
        0.011200941167771816,
        0.010248414240777493,
        0.009485086426138878,
        0.010063253343105316,
        0.011456010863184929,
        0.010336284525692463,
        0.009792426601052284,
        0.009161761961877346,
        0.009819657541811466,
        0.00947100855410099,
        0.010106992907822132,
        0.009786566719412804,
        0.009321598336100578,
        0.010888839140534401,
        0.009401488117873669,
        0.01055922545492649,
        0.011058700270950794,
        0.009058207273483276,
        0.009152699261903763,
        0.010012609884142876,
        0.00966058112680912,
        0.009159359149634838,
        0.00948938075453043,
        0.00958841759711504,
        0.00958781037479639,
        0.010886036790907383,
        0.009411376900970936,
        0.010041859932243824,
        0.009931076318025589,
        0.008461620658636093,
        0.008437729440629482,
        0.008588653989136219,
        0.00848170556128025,
        0.008541214279830456,
        0.008419232442975044,
        0.00854623131453991,
        0.008402002975344658,
        0.00855652242898941,
        0.008453656919300556,
        0.008412892930209637,
        0.008571543730795383,
        0.008410547859966755,
        0.008352220058441162,
        0.008477621711790562,
        0.00836542434990406,
        0.008394378237426281,
        0.008324180729687214,
        0.00841117836534977,
        0.008407698944211006,
        0.008536026813089848,
        0.008362744003534317,
        0.00841757282614708,
        0.008364398032426834,
        0.008409515954554081,
        0.00843491218984127,
        0.008380802348256111,
        0.00837456714361906,
        0.008324320428073406
    ]
}