{
    "epoch": 71,
    "test.bias": [
        -10.413703918457031
    ],
    "test.err-rel": [
        20.806150138378143
    ],
    "test.mse": [
        53261.27734375
    ],
    "test.rmse": [
        230.7840491536406
    ],
    "train.mse": [
        0.06127366511060334,
        0.02084495178310246,
        0.01966717694999605,
        0.01877495137656607,
        0.016743860905990005,
        0.015243569292446099,
        0.01419476799598736,
        0.014075811594588363,
        0.01405848537162855,
        0.014308048843792298,
        0.014239488947545974,
        0.013931755413778307,
        0.014033779621169699,
        0.013749999686984754,
        0.013827072002175377,
        0.0139686643520779,
        0.01395741565062142,
        0.013666852184276029,
        0.013491612416124198,
        0.01147538325295034,
        0.010952652119690688,
        0.01090008690498951,
        0.01080051502326458,
        0.010670156803027523,
        0.010602552085978592,
        0.010456199496530177,
        0.010519193854500971,
        0.010391476609539695,
        0.010308447861816825,
        0.010263707505811641,
        0.010175488769962656,
        0.010112984798757768,
        0.010085427423757388,
        0.010080698769675886,
        0.009790439584587769,
        0.010062478971099707,
        0.00983965421299927,
        0.009671821849556958,
        0.0096563163849457,
        0.009715425100450108,
        0.009721768054566005,
        0.009561831807354239,
        0.009585908767426522,
        0.00954083862669039,
        0.009558829240410066,
        0.009350612151958957,
        0.009520847299249798,
        0.00940290684868559,
        0.009375817023172247,
        0.00931020214211014,
        0.009431165506745257,
        0.009238891752164176,
        0.009312979110357602,
        0.009278980966816406,
        0.008676310155040971,
        0.008518763116515445,
        0.008509664745183616,
        0.008484624692511449,
        0.008473337023155537,
        0.008460449722095779,
        0.008432830181313543,
        0.008442528281792453,
        0.008413501311002708,
        0.00838157469293148,
        0.00837814274368944,
        0.008382342457657725,
        0.00840952983637136,
        0.008435625750457913,
        0.00837053175413663,
        0.008336105051723013,
        0.008327470254720894
    ],
    "val.mse": [
        0.02116582728922367,
        0.02058962918817997,
        0.018834391608834267,
        0.023787466809153557,
        0.06463085114955902,
        0.01800609566271305,
        0.01669841818511486,
        0.014489785768091679,
        0.016014426946640015,
        0.01798529364168644,
        0.020557325333356857,
        0.02052861452102661,
        0.01737249456346035,
        0.018544817343354225,
        0.017483238130807877,
        0.01889955811202526,
        0.021285822615027428,
        0.014539193361997604,
        0.030762936919927597,
        0.010840698145329952,
        0.010677339509129524,
        0.011229854077100754,
        0.010647458955645561,
        0.010063250549137592,
        0.010315604507923126,
        0.009753512218594551,
        0.009857765398919582,
        0.010797068476676941,
        0.009818715043365955,
        0.009682247415184975,
        0.009727906435728073,
        0.010015585459768772,
        0.010714767500758171,
        0.009468745440244675,
        0.01017477922141552,
        0.010746139101684093,
        0.009717749431729317,
        0.009785679168999195,
        0.009902093559503555,
        0.010129131376743317,
        0.010061319917440414,
        0.010633419267833233,
        0.009065662510693073,
        0.009449588134884834,
        0.009087511338293552,
        0.009338020347058773,
        0.011033226735889912,
        0.009330937638878822,
        0.010540209710597992,
        0.009570987895131111,
        0.010596559382975101,
        0.010005478747189045,
        0.009737546555697918,
        0.009491895325481892,
        0.008296975865960121,
        0.008305677212774754,
        0.008283783681690693,
        0.00827520526945591,
        0.008289877325296402,
        0.00822387170046568,
        0.00829975213855505,
        0.008236119523644447,
        0.008310336619615555,
        0.008242221549153328,
        0.008273614570498466,
        0.008228473365306854,
        0.00834723562002182,
        0.008298642002046108,
        0.008296242915093899,
        0.008312431164085865,
        0.008235360495746136
    ]
}