{
    "epoch": 82,
    "test.bias": [
        -42.20539855957031
    ],
    "test.err-rel": [
        28.777965903282166
    ],
    "test.mse": [
        99231.3828125
    ],
    "test.rmse": [
        315.0101312854874
    ],
    "train.mse": [
        0.06651507169235407,
        0.021295115896841375,
        0.020058243251519232,
        0.019875795217003764,
        0.019923795764220924,
        0.019644375890493393,
        0.019267211213889645,
        0.019356883017391694,
        0.01932485169935517,
        0.0192462317304822,
        0.019265485961535354,
        0.019153729035723502,
        0.01926719056578671,
        0.019271108548997377,
        0.019070059458566147,
        0.019034275228566513,
        0.01931387420016818,
        0.01922042608806273,
        0.019219775831826578,
        0.019313506713909346,
        0.019081223653856574,
        0.018882530741393566,
        0.01738451237835717,
        0.016889886010619925,
        0.016831703120615424,
        0.016741864332111507,
        0.016725413648911367,
        0.016559984478190903,
        0.01658694707311508,
        0.016455646013704743,
        0.016342289405079875,
        0.016224568567761197,
        0.01620060274740908,
        0.01618863308302513,
        0.016111222391084926,
        0.016266426020415455,
        0.016020125084806505,
        0.015921960970977457,
        0.0159481930171662,
        0.015950405231972293,
        0.015905272266713948,
        0.01588720403520799,
        0.01571929466161059,
        0.015848745307998686,
        0.015827303973776175,
        0.01564417511406468,
        0.015664538845601605,
        0.015706594312200096,
        0.015591429410184302,
        0.01559451984514187,
        0.015539442751238622,
        0.015545132535895923,
        0.015631442111576112,
        0.01558252224108068,
        0.015491657106705555,
        0.015424518704005494,
        0.015466781151367397,
        0.015447999129253553,
        0.015392644058276967,
        0.01542537025085128,
        0.015424288780905487,
        0.0147797652724676,
        0.014690401890065248,
        0.014658766213759052,
        0.014659781116855944,
        0.014629056092306244,
        0.01460989300025309,
        0.014627267657665581,
        0.014630896221028596,
        0.014625742707810387,
        0.01457218908159653,
        0.01457173561836343,
        0.014574285238844955,
        0.014566514430931064,
        0.014557468341436328,
        0.014634285213016882,
        0.014557873347501566,
        0.01455557407674993,
        0.014552337645621197,
        0.014571461281398447,
        0.014528054380562247,
        0.014523131295856907
    ],
    "val.mse": [
        0.022176407277584076,
        0.0202556774020195,
        0.019425004720687866,
        0.02034083567559719,
        0.027248453348875046,
        0.02243729494512081,
        0.020227570086717606,
        0.025650501251220703,
        0.021892234683036804,
        0.024240612983703613,
        0.0183802992105484,
        0.03299318253993988,
        0.018488138914108276,
        0.018840832635760307,
        0.02072521485388279,
        0.021436812356114388,
        0.024100638926029205,
        0.02076420933008194,
        0.03750678151845932,
        0.019041433930397034,
        0.022592905908823013,
        0.0205557718873024,
        0.016103362664580345,
        0.016352292150259018,
        0.01667129620909691,
        0.016228575259447098,
        0.015784822404384613,
        0.015691019594669342,
        0.016391078010201454,
        0.016015972942113876,
        0.01540445163846016,
        0.015984516590833664,
        0.016451431438326836,
        0.015761729329824448,
        0.015549130737781525,
        0.015846800059080124,
        0.015462708659470081,
        0.015287565998733044,
        0.015123059041798115,
        0.018165847286581993,
        0.015524006448686123,
        0.015594552271068096,
        0.015371646732091904,
        0.015666350722312927,
        0.01524779200553894,
        0.015417742542922497,
        0.015256443060934544,
        0.015218133106827736,
        0.015276633203029633,
        0.014724104665219784,
        0.015689093619585037,
        0.014938951469957829,
        0.015944499522447586,
        0.015293911099433899,
        0.01536503341048956,
        0.015267573297023773,
        0.014768339693546295,
        0.015909086912870407,
        0.01624324731528759,
        0.01497338991612196,
        0.015582572668790817,
        0.014127598144114017,
        0.014119784347712994,
        0.014159243553876877,
        0.014111960306763649,
        0.014101402834057808,
        0.014069445431232452,
        0.014088328927755356,
        0.014061766676604748,
        0.01410041842609644,
        0.014045225456357002,
        0.014213007874786854,
        0.01412251777946949,
        0.014089085161685944,
        0.01405808050185442,
        0.014108868315815926,
        0.014108900912106037,
        0.01404548343271017,
        0.014085064642131329,
        0.01412463653832674,
        0.014080333523452282,
        0.014085699804127216
    ]
}