{
    "epoch": 84,
    "test.bias": [
        -39.31562042236328
    ],
    "test.err-rel": [
        28.630107641220093
    ],
    "test.mse": [
        97935.28125
    ],
    "test.rmse": [
        312.946131546629
    ],
    "train.mse": [
        0.058992336299724696,
        0.02122676525855573,
        0.020683003430504623,
        0.0203866550653446,
        0.020099303367116104,
        0.019769670941480775,
        0.01958992970516769,
        0.019568339853388506,
        0.01928433955351754,
        0.019566099454716938,
        0.019484160490697476,
        0.019408916566157487,
        0.019493096962389423,
        0.019597405147534316,
        0.019539449806893018,
        0.019604786026586846,
        0.019690127282335265,
        0.019795995682659672,
        0.01777085488116959,
        0.017445936151666612,
        0.017434911961417374,
        0.01721713431860979,
        0.017058436815604205,
        0.017086064925689887,
        0.017094680250099883,
        0.016801165240794058,
        0.016895598936371686,
        0.01688381416223398,
        0.01676409500196758,
        0.01664489500292736,
        0.016584183407447686,
        0.0164892632718675,
        0.01650477309779423,
        0.016315998549277826,
        0.016383406229135467,
        0.016319220022457403,
        0.01629027721994534,
        0.01640121821632109,
        0.016186470818910295,
        0.016070016330426058,
        0.01609891385021733,
        0.015971458630590903,
        0.01608961583796616,
        0.01593488274233007,
        0.015705885694975535,
        0.01573923792372026,
        0.015864491826150476,
        0.01570430565511853,
        0.015656723493210425,
        0.015594503546996815,
        0.015661150875796632,
        0.015609269251865222,
        0.015725634270915535,
        0.015533879813851743,
        0.015664563519971038,
        0.015506964051959718,
        0.015472108634506784,
        0.015532938462523063,
        0.015441172398490513,
        0.015401666569409937,
        0.015351254294240257,
        0.01534961771628842,
        0.014768674049708174,
        0.014677447096512811,
        0.014660994743746592,
        0.0146551593036459,
        0.014596671740547186,
        0.014608652472904906,
        0.014628523364435972,
        0.01467695758428152,
        0.01463506963649174,
        0.014563143997248717,
        0.014573534927898792,
        0.014528944963453019,
        0.014552885632416824,
        0.014600350760014319,
        0.014538981361178363,
        0.01455298122927183,
        0.014558064456029637,
        0.014521238223717706,
        0.014547092715141976,
        0.014524178420443361,
        0.014471581177331688,
        0.014497027090727919
    ],
    "val.mse": [
        0.023591192439198494,
        0.020016947761178017,
        0.023205095902085304,
        0.03292538970708847,
        0.020209012553095818,
        0.020308878272771835,
        0.01914258301258087,
        0.01961328461766243,
        0.026463987305760384,
        0.021714968606829643,
        0.02367316372692585,
        0.03124420903623104,
        0.037063997238874435,
        0.026584677398204803,
        0.02243535779416561,
        0.02170109748840332,
        0.03088521957397461,
        0.02112535759806633,
        0.017362268641591072,
        0.016320044174790382,
        0.017538107931613922,
        0.01759045198559761,
        0.016645904630422592,
        0.01843024045228958,
        0.01757954992353916,
        0.01770036481320858,
        0.017451012507081032,
        0.01613801345229149,
        0.01635080762207508,
        0.01720959134399891,
        0.017614873126149178,
        0.015927277505397797,
        0.01637609861791134,
        0.01780102401971817,
        0.015748633071780205,
        0.01647930219769478,
        0.015897223725914955,
        0.01819206215441227,
        0.015860464423894882,
        0.016609912738204002,
        0.017339378595352173,
        0.016231659799814224,
        0.015175038948655128,
        0.015124117955565453,
        0.01588795706629753,
        0.01586637645959854,
        0.016447240486741066,
        0.015820179134607315,
        0.01597634330391884,
        0.016377042979002,
        0.014970471151173115,
        0.015424089506268501,
        0.01581701822578907,
        0.015105524100363255,
        0.015549752861261368,
        0.015185646712779999,
        0.01598014310002327,
        0.015317840501666069,
        0.01651584543287754,
        0.015372095629572868,
        0.015132036991417408,
        0.015022342093288898,
        0.014185093343257904,
        0.01418557669967413,
        0.01418894249945879,
        0.014190291985869408,
        0.014187638647854328,
        0.014149263501167297,
        0.014208614826202393,
        0.014194813556969166,
        0.014120222069323063,
        0.014124082401394844,
        0.014053212478756905,
        0.014257976785302162,
        0.01406409777700901,
        0.014082178473472595,
        0.014156214892864227,
        0.014197107404470444,
        0.014118419960141182,
        0.014171433635056019,
        0.014170793816447258,
        0.01410761196166277,
        0.014101412147283554,
        0.014103148132562637
    ]
}