{
    "epoch": 95,
    "test.bias": [
        -45.06370544433594
    ],
    "test.err-rel": [
        29.377904534339905
    ],
    "test.mse": [
        103259.109375
    ],
    "test.rmse": [
        321.33955463808064
    ],
    "train.mse": [
        0.058645547458493125,
        0.021587158110356185,
        0.020932789028781217,
        0.020221887167724894,
        0.019883081396451084,
        0.019596603244724797,
        0.019525173551789145,
        0.01947488918582477,
        0.01932028435715815,
        0.019329451478836013,
        0.019387304339921328,
        0.019484747894017433,
        0.019399672417288145,
        0.019390421567439305,
        0.019283165462405945,
        0.019334414644484838,
        0.019439434984744323,
        0.01936821155704376,
        0.019214708085467175,
        0.019265221227414725,
        0.019274086793657483,
        0.019212944637529733,
        0.0194964374233855,
        0.019306410660558358,
        0.01926306646498965,
        0.019395904876746056,
        0.019371315893694396,
        0.01932920505315429,
        0.019466395796526495,
        0.019230924626221745,
        0.019275854739201504,
        0.019631379431613336,
        0.01937721384598351,
        0.01916305586786532,
        0.01921681696321906,
        0.019074425010419473,
        0.01734729597867444,
        0.016922479978103828,
        0.016902346873837636,
        0.016787337928601518,
        0.0167992384479631,
        0.01652165304687692,
        0.016589791224360828,
        0.01646470343239787,
        0.01638053407574572,
        0.0162047236340075,
        0.016183591896395493,
        0.016352962821767462,
        0.01618579773391347,
        0.016105842072425818,
        0.016183784776707975,
        0.0161355141118714,
        0.01597773024199031,
        0.015980476490789798,
        0.015983111378396066,
        0.015869349740990777,
        0.015932439553846673,
        0.015951249402061832,
        0.015844903500160067,
        0.015832916123610808,
        0.015827626501005596,
        0.01572573402464935,
        0.015796724491093945,
        0.015824664514738976,
        0.01577336793174831,
        0.015824001458496217,
        0.015740166912309644,
        0.015764373854347844,
        0.015693697919387642,
        0.01563422772011197,
        0.015155088162140512,
        0.015065711974052758,
        0.015123357263779858,
        0.01501397180325556,
        0.015034570086111382,
        0.014976215162655203,
        0.014986952465799888,
        0.014997468931918464,
        0.015023786375844261,
        0.015023897771110259,
        0.014997948920808551,
        0.014885488942992397,
        0.014920338624861182,
        0.014928805420356916,
        0.01489732237305583,
        0.014986242661706922,
        0.014892780136816748,
        0.014944681148158341,
        0.014947622912231742,
        0.014910619984176464,
        0.014897244982421398,
        0.014877763559769204,
        0.014900250706776249,
        0.014894064657798991,
        0.014897967575163377
    ],
    "val.mse": [
        0.022894635796546936,
        0.022933097556233406,
        0.025739990174770355,
        0.030875563621520996,
        0.025344640016555786,
        0.02483067847788334,
        0.01992514356970787,
        0.020974595099687576,
        0.030542941763997078,
        0.02609211578965187,
        0.027408670634031296,
        0.024952268227934837,
        0.023850787431001663,
        0.019700614735484123,
        0.02528221346437931,
        0.029694801196455956,
        0.021067066118121147,
        0.024726279079914093,
        0.02939104288816452,
        0.023012695834040642,
        0.023173987865447998,
        0.024037877097725868,
        0.020862741395831108,
        0.020263418555259705,
        0.019353117793798447,
        0.022117892280220985,
        0.020964067429304123,
        0.02179904468357563,
        0.023316504433751106,
        0.020245755091309547,
        0.021579423919320107,
        0.020051805302500725,
        0.025959689170122147,
        0.026931045576930046,
        0.022416699677705765,
        0.02035854384303093,
        0.016240479424595833,
        0.01677669771015644,
        0.016228770837187767,
        0.016372522339224815,
        0.01603122055530548,
        0.01718471199274063,
        0.01617281325161457,
        0.01740853302180767,
        0.016423888504505157,
        0.015949001535773277,
        0.01685943640768528,
        0.015862425789237022,
        0.015955908223986626,
        0.016211261972784996,
        0.015733037143945694,
        0.016442451626062393,
        0.015583235770463943,
        0.016376040875911713,
        0.015859756618738174,
        0.015475388616323471,
        0.015461694449186325,
        0.016615018248558044,
        0.015161387622356415,
        0.016663184389472008,
        0.016391420736908913,
        0.016503838822245598,
        0.015455066226422787,
        0.015324898064136505,
        0.01651422679424286,
        0.015652980655431747,
        0.01579379104077816,
        0.017609236761927605,
        0.015211382880806923,
        0.016270320862531662,
        0.014604705385863781,
        0.014594349078834057,
        0.014638612046837807,
        0.014597267843782902,
        0.014657477848231792,
        0.014580431394279003,
        0.014641975052654743,
        0.014619694091379642,
        0.014669036492705345,
        0.014576331712305546,
        0.014558931812644005,
        0.014557698741555214,
        0.014523779042065144,
        0.014494344592094421,
        0.014575938694179058,
        0.014555334113538265,
        0.014620845206081867,
        0.014596793800592422,
        0.014543548226356506,
        0.014589134603738785,
        0.01458401046693325,
        0.014543529599905014,
        0.014563888311386108,
        0.014603806659579277,
        0.01454885583370924
    ]
}