{
    "epoch": 75,
    "test.bias": [
        -34.710777282714844
    ],
    "test.err-rel": [
        28.451356291770935
    ],
    "test.mse": [
        95328.875
    ],
    "test.rmse": [
        308.7537449165597
    ],
    "train.mse": [
        0.06368834587813514,
        0.020917292775177374,
        0.02045788601177131,
        0.02018090394302839,
        0.0200777964939068,
        0.019741568146500646,
        0.01953203620661686,
        0.019215234237291465,
        0.019258680628476348,
        0.0195623285636851,
        0.019331817333472938,
        0.01949115640415651,
        0.019172420077843637,
        0.019445327337740397,
        0.017683566241275248,
        0.01711446179145175,
        0.01696620836127095,
        0.01684758535631728,
        0.016725201017745748,
        0.01653905628567062,
        0.016377965380187806,
        0.01637642422872709,
        0.01625550855178295,
        0.016228515336789737,
        0.0160681695120818,
        0.015984139865173434,
        0.015993950547786746,
        0.01587750964298299,
        0.015845389309816243,
        0.01576321708356462,
        0.015596615309577162,
        0.015577766658147661,
        0.015585117683768636,
        0.015572073097090895,
        0.015389794040834757,
        0.015409008401059887,
        0.015431327097935647,
        0.015395242505048106,
        0.015391638400260269,
        0.015282332312270271,
        0.015352149272519277,
        0.01543260685440789,
        0.015337826439929082,
        0.015213384224874218,
        0.015177974460373929,
        0.0151464503724128,
        0.01519972524923704,
        0.0152490289949971,
        0.015165163260861867,
        0.0144979197463793,
        0.014456708006924245,
        0.014435755157070915,
        0.014408182574254347,
        0.014352484634600399,
        0.014354986167035816,
        0.014380707223786086,
        0.014356818771353218,
        0.014372986275702715,
        0.01430518080752979,
        0.014327416548550857,
        0.014336860698943094,
        0.014277336562461242,
        0.014314005679519074,
        0.01430696542034062,
        0.014267144588435568,
        0.014343007569905461,
        0.014313563852139362,
        0.0143169914883357,
        0.014289311076537138,
        0.014240465422229068,
        0.014277572135963455,
        0.014259586667233124,
        0.014251689494746487,
        0.014230966062580303,
        0.014219441320519985
    ],
    "val.mse": [
        0.025315921753644943,
        0.022322053089737892,
        0.020053552463650703,
        0.029831180348992348,
        0.023183587938547134,
        0.02079698257148266,
        0.021947452798485756,
        0.023608069866895676,
        0.020706815645098686,
        0.02280719392001629,
        0.023897113278508186,
        0.021489903330802917,
        0.020894262939691544,
        0.023357495665550232,
        0.01644875854253769,
        0.016498152166604996,
        0.016084570437669754,
        0.017565952613949776,
        0.016657548025250435,
        0.016725849360227585,
        0.015726963058114052,
        0.016536086797714233,
        0.015625059604644775,
        0.01672159694135189,
        0.01655633933842182,
        0.015740856528282166,
        0.015480282716453075,
        0.0164947547018528,
        0.015767717733979225,
        0.01597507856786251,
        0.016152800992131233,
        0.015648627653717995,
        0.015414445661008358,
        0.01538147870451212,
        0.015638599172234535,
        0.014963588677346706,
        0.016487887129187584,
        0.014751768670976162,
        0.015068662352859974,
        0.015585672110319138,
        0.015224351547658443,
        0.015499142929911613,
        0.015719519928097725,
        0.01504432037472725,
        0.015456391498446465,
        0.015621869824826717,
        0.01585007645189762,
        0.01499793492257595,
        0.014980321750044823,
        0.01403031311929226,
        0.013979758135974407,
        0.013933736830949783,
        0.013972670771181583,
        0.014039624482393265,
        0.013944619335234165,
        0.013971773907542229,
        0.013985770754516125,
        0.013960148207843304,
        0.013966777361929417,
        0.013952277600765228,
        0.01392430905252695,
        0.01399470679461956,
        0.014080959372222424,
        0.013876732438802719,
        0.013945063576102257,
        0.013920467346906662,
        0.013954480178654194,
        0.013997734524309635,
        0.013950780034065247,
        0.0140339694917202,
        0.01394860539585352,
        0.01394225750118494,
        0.013974243775010109,
        0.013914324343204498,
        0.014040295965969563
    ]
}