{
    "epoch": 109,
    "test.bias": [
        -42.20523452758789
    ],
    "test.err-rel": [
        29.16213870048523
    ],
    "test.mse": [
        101692.5703125
    ],
    "test.rmse": [
        318.8927253991536
    ],
    "train.mse": [
        0.05954672533609882,
        0.02106828416311523,
        0.02065659811856543,
        0.020619686568019595,
        0.02039207325021668,
        0.019799577901367008,
        0.019692780256907388,
        0.019279007924856935,
        0.01941778374517836,
        0.019656718367847,
        0.019474019160176197,
        0.019458307805130394,
        0.019403990766987567,
        0.01921985369947989,
        0.019425088278494956,
        0.01923809517402111,
        0.019380536452844377,
        0.019407868487533272,
        0.019324626557801556,
        0.01938345870457408,
        0.01923550228111264,
        0.019031722541535047,
        0.017457808123719765,
        0.01723513021360992,
        0.017048132043649872,
        0.017093164795191913,
        0.016858885888146553,
        0.016858911215577546,
        0.016814358589216705,
        0.016642229955234542,
        0.016529482300961164,
        0.016608899487636802,
        0.016525614103756664,
        0.016481953042718333,
        0.016462601959796215,
        0.01646864661242722,
        0.016456736348251382,
        0.01640766816463594,
        0.01634994305374964,
        0.016285520421749935,
        0.016441338241282032,
        0.016305497767994316,
        0.016224343937299237,
        0.016109329341660913,
        0.0161711740443801,
        0.015622977156010343,
        0.015467789728285336,
        0.015495837251542181,
        0.015471707308301476,
        0.01543562334576031,
        0.015491232434969122,
        0.015413355865947357,
        0.015405043641605028,
        0.015447351076390321,
        0.015371871635136081,
        0.015456616367417865,
        0.015336963739927585,
        0.015366610474657358,
        0.01529201422818005,
        0.015299743331014746,
        0.015394783482273541,
        0.015360302598465507,
        0.015335335612024477,
        0.015309905911591358,
        0.015301137980891437,
        0.015346258219967528,
        0.0153097109130879,
        0.015338125269542017,
        0.01533134212353971,
        0.015291308160734976,
        0.015273718867541813,
        0.015206342415384403,
        0.015202065606079087,
        0.01526692246155041,
        0.015249703919923887,
        0.015197382473227819,
        0.015230187799826992,
        0.015270012010615773,
        0.015270219127670294,
        0.0151641648546679,
        0.015223046293391324,
        0.0151926362716661,
        0.015242136833144397,
        0.015179005752476613,
        0.015150959336585024,
        0.015190256594839255,
        0.015172653087619238,
        0.01522687221763701,
        0.015191498235231492,
        0.015117175757839548,
        0.01520261386545693,
        0.015202025218480608,
        0.015145244735588387,
        0.015136677868346252,
        0.015096663537139936,
        0.015171850889512315,
        0.015178022247443839,
        0.015222535871832473,
        0.015130130545713188,
        0.015129223284198016,
        0.01515511473322787,
        0.015077416802097747,
        0.015154891363458663,
        0.015205829012457555,
        0.015126938182042866,
        0.015115188979884474,
        0.015124191149569503,
        0.015110648805048407,
        0.01508723860947279
    ],
    "val.mse": [
        0.023479128256440163,
        0.020608793944120407,
        0.027307195588946342,
        0.025645185261964798,
        0.021425588056445122,
        0.020165231078863144,
        0.025776933878660202,
        0.022528618574142456,
        0.02215261198580265,
        0.019551843404769897,
        0.019521482288837433,
        0.02277417480945587,
        0.022695066407322884,
        0.01995869167149067,
        0.020421715453267097,
        0.029882973060011864,
        0.024650810286402702,
        0.02764730527997017,
        0.027719710022211075,
        0.02071836031973362,
        0.020972006022930145,
        0.020332161337137222,
        0.016657568514347076,
        0.015927743166685104,
        0.016965849325060844,
        0.016357984393835068,
        0.017053086310625076,
        0.01604309119284153,
        0.015777869150042534,
        0.01600830815732479,
        0.015807239338755608,
        0.015707343816757202,
        0.015875643119215965,
        0.015382434241473675,
        0.015545714646577835,
        0.015905974432826042,
        0.017345968633890152,
        0.01593386009335518,
        0.01571635901927948,
        0.01563924551010132,
        0.016015302389860153,
        0.015626085922122,
        0.016115210950374603,
        0.015523005276918411,
        0.015791531652212143,
        0.014793982729315758,
        0.014773649163544178,
        0.014819011092185974,
        0.014776835218071938,
        0.014777476899325848,
        0.014797506853938103,
        0.014838973991572857,
        0.014751517213881016,
        0.014734912663698196,
        0.014790180139243603,
        0.014826197177171707,
        0.014750364236533642,
        0.014703884720802307,
        0.014712254516780376,
        0.01477152667939663,
        0.01478596217930317,
        0.01468021608889103,
        0.014692706987261772,
        0.014721888117492199,
        0.014758340083062649,
        0.014675582759082317,
        0.014718218706548214,
        0.014709096401929855,
        0.01472537498921156,
        0.014764360152184963,
        0.014729349873960018,
        0.01489406730979681,
        0.014696959406137466,
        0.014657396823167801,
        0.014680922962725163,
        0.01468659471720457,
        0.014651530422270298,
        0.014763835817575455,
        0.014666065573692322,
        0.014669477008283138,
        0.014644443988800049,
        0.014683070592582226,
        0.014661732129752636,
        0.01466645859181881,
        0.014691483229398727,
        0.014684694819152355,
        0.014623644761741161,
        0.014681011438369751,
        0.014662902802228928,
        0.014620070345699787,
        0.014752812683582306,
        0.014605538919568062,
        0.014878627844154835,
        0.014640179462730885,
        0.014665566384792328,
        0.014639806002378464,
        0.014638093300163746,
        0.01458767056465149,
        0.014589454047381878,
        0.014690659008920193,
        0.014711068011820316,
        0.014739736914634705,
        0.014647404663264751,
        0.014638894237577915,
        0.014629543758928776,
        0.014802202582359314,
        0.014730713330209255,
        0.01463333424180746,
        0.014591839164495468
    ]
}