{
    "epoch": 36,
    "test.bias": [
        -7.650573253631592
    ],
    "test.err-rel": [
        24.816139042377472
    ],
    "test.mse": [
        67338.484375
    ],
    "test.rmse": [
        259.4965980027484
    ],
    "train.mse": [
        0.014901517641655407,
        0.01079366535457395,
        0.011040530028689351,
        0.011098192478327648,
        0.011020438791894765,
        0.011244123801589012,
        0.011126679055948064,
        0.011260506650722174,
        0.011184714520523636,
        0.011245413550308772,
        0.011153953803575927,
        0.01124238513803445,
        0.010224798167853252,
        0.010185491282099522,
        0.010182384037129257,
        0.010205083301071054,
        0.01020659873065371,
        0.010228463836153102,
        0.010196089721429422,
        0.010232166329294629,
        0.010228642308795305,
        0.010251111692245702,
        0.010222016122215283,
        0.010252982985390268,
        0.010112636658993568,
        0.010101114943484712,
        0.010099220963090844,
        0.010110144931475938,
        0.010109154044748834,
        0.0101075517476438,
        0.010104767012161127,
        0.010108782470180011,
        0.010108484470094582,
        0.010115684848857222,
        0.010109710593864044,
        0.010103064664402363
    ],
    "val.mse": [
        0.009980671107769012,
        0.010322537273168564,
        0.010748844593763351,
        0.010646197013556957,
        0.010793477296829224,
        0.010947804898023605,
        0.01022503711283207,
        0.01041310466825962,
        0.010734700597822666,
        0.010517364367842674,
        0.010631432756781578,
        0.01043714489787817,
        0.009540085680782795,
        0.009549914859235287,
        0.0095613868907094,
        0.009566458873450756,
        0.009694377891719341,
        0.009600252844393253,
        0.009612235240638256,
        0.009598383679986,
        0.009642990306019783,
        0.009592718444764614,
        0.009624586440622807,
        0.009655705653131008,
        0.009491545148193836,
        0.009506182745099068,
        0.00951604638248682,
        0.00949679035693407,
        0.00951204914599657,
        0.009510683827102184,
        0.009546284563839436,
        0.0095052570104599,
        0.009525843895971775,
        0.009509770199656487,
        0.009506150148808956,
        0.009524785913527012
    ]
}