{
    "epoch": 80,
    "test.bias": [
        -45.91839599609375
    ],
    "test.err-rel": [
        29.008889198303223
    ],
    "test.mse": [
        101614.328125
    ],
    "test.rmse": [
        318.7700238808536
    ],
    "train.mse": [
        0.05725658780372724,
        0.021416046565807447,
        0.020697916233230654,
        0.02032528013536116,
        0.019752083766478593,
        0.0196983925884635,
        0.019511631031225368,
        0.019356894886075723,
        0.019501773333858427,
        0.019444611162038113,
        0.019284525250152843,
        0.019349611807251123,
        0.01929354005515939,
        0.019414200674651598,
        0.019477069491475093,
        0.019477898607075942,
        0.01928290267043361,
        0.019502937487076696,
        0.019263006485544326,
        0.019168041657838152,
        0.019422087284577328,
        0.017649661522449518,
        0.017378600620914522,
        0.017226611655886945,
        0.017034493307242306,
        0.016988825336916417,
        0.016999446730152135,
        0.016846423667696554,
        0.016678122394695516,
        0.016693778727885064,
        0.016617560412780178,
        0.0164781332913241,
        0.016401798589291368,
        0.01642536283924994,
        0.016149763778851526,
        0.016122917213091035,
        0.016088713852052645,
        0.016059111911667194,
        0.015946589126365214,
        0.015858903885023985,
        0.015821705447373595,
        0.01590356135332003,
        0.015725097880221722,
        0.015743642062993675,
        0.015708493517439175,
        0.015711944294729975,
        0.01504321985242025,
        0.014950572836735263,
        0.014918769760875077,
        0.014894096368196897,
        0.014903167830552996,
        0.014904605451880432,
        0.014900284052667459,
        0.014867273125252345,
        0.014862196491576912,
        0.01484616844710417,
        0.014820652349465868,
        0.014826497846714607,
        0.014762547718951614,
        0.01482089297141789,
        0.014776855485695527,
        0.014806429122960785,
        0.014725998299559805,
        0.01471111825213018,
        0.014747034610680691,
        0.014780401837126148,
        0.014778233190044397,
        0.014765271297996728,
        0.014748914536406718,
        0.014764144795197175,
        0.014731334846057906,
        0.014685289377755508,
        0.014707321795157907,
        0.014691461803300715,
        0.014700829789678498,
        0.014672896841813514,
        0.014663524039816566,
        0.014634288535112651,
        0.014637059055087043,
        0.014657190296708084
    ],
    "val.mse": [
        0.026024384424090385,
        0.02036197856068611,
        0.021434491500258446,
        0.021969877183437347,
        0.02565298043191433,
        0.026813451200723648,
        0.024024445563554764,
        0.021532606333494186,
        0.02812405303120613,
        0.01938798278570175,
        0.020121987909078598,
        0.019644122570753098,
        0.02125169150531292,
        0.02353423461318016,
        0.0400373637676239,
        0.020435703918337822,
        0.022703617811203003,
        0.020650887861847878,
        0.022157898172736168,
        0.019522501155734062,
        0.025753511115908623,
        0.016893606632947922,
        0.016847454011440277,
        0.017107123509049416,
        0.017991814762353897,
        0.018347030505537987,
        0.016376854851841927,
        0.016834188252687454,
        0.015987589955329895,
        0.017006082460284233,
        0.017572350800037384,
        0.015831343829631805,
        0.01576157473027706,
        0.0178453978151083,
        0.01502644456923008,
        0.016927389428019524,
        0.016053928062319756,
        0.015699166804552078,
        0.01714179664850235,
        0.01603156141936779,
        0.015397786162793636,
        0.015552828088402748,
        0.016002904623746872,
        0.01572217419743538,
        0.01637212745845318,
        0.015120194293558598,
        0.014431909658014774,
        0.014337082393467426,
        0.014323673211038113,
        0.014278512448072433,
        0.014367443509399891,
        0.014256047084927559,
        0.01425887644290924,
        0.014339062385261059,
        0.014296417124569416,
        0.01425316371023655,
        0.014289717189967632,
        0.014233195222914219,
        0.014220819808542728,
        0.014232216402888298,
        0.014322321861982346,
        0.014267068356275558,
        0.014277506619691849,
        0.014193147420883179,
        0.014292621053755283,
        0.014241963624954224,
        0.014239241369068623,
        0.014218735508620739,
        0.014185276813805103,
        0.014269051142036915,
        0.014217282645404339,
        0.01429903693497181,
        0.014288388192653656,
        0.014294623397290707,
        0.01424335315823555,
        0.01427822932600975,
        0.014243797399103642,
        0.014225397258996964,
        0.01422211155295372,
        0.014249014668166637
    ]
}