{
    "epoch": 106,
    "test.bias": [
        -2.517624855041504
    ],
    "test.err-rel": [
        22.1877321600914
    ],
    "test.mse": [
        58560.12109375
    ],
    "test.rmse": [
        241.9919855981805
    ],
    "train.mse": [
        0.05831696068095725,
        0.0215038263307112,
        0.02049350132029958,
        0.02026433432929036,
        0.019804179043758932,
        0.019558705344069297,
        0.019248963833400388,
        0.018961078396475897,
        0.01840201251935668,
        0.018237185198813677,
        0.018080447266650635,
        0.018344265556462656,
        0.018043493795231347,
        0.01797109910445969,
        0.017763266498904404,
        0.017762171280593042,
        0.01775430890209064,
        0.01722484382959764,
        0.017400029149451633,
        0.017039020108513353,
        0.017228833564398128,
        0.017110236630797748,
        0.01691903372681359,
        0.016594567216887342,
        0.01661069802485588,
        0.01632007555581811,
        0.01613522331775507,
        0.01594660411270835,
        0.015696238493546844,
        0.01532747481790621,
        0.0152396034029108,
        0.015186454078591451,
        0.014959356315979144,
        0.014538041111536143,
        0.014028866622006385,
        0.013835389763343989,
        0.01292769630757592,
        0.012700052193661288,
        0.01269678405213465,
        0.01237717277097811,
        0.012343837885276937,
        0.012135456230991134,
        0.012525872469357237,
        0.012358858908821897,
        0.012056978214986441,
        0.012182308622158883,
        0.012357893161384798,
        0.0122986998431748,
        0.012183222499471612,
        0.012185580290217952,
        0.012061538112281663,
        0.012222381019056207,
        0.012065446992382043,
        0.012060859104300417,
        0.010236899624010774,
        0.009852542470936186,
        0.00977421583744084,
        0.009583630888700121,
        0.009635648639054924,
        0.00952093998288236,
        0.009472002181587967,
        0.009444556874790934,
        0.009332336763646908,
        0.009294091334861771,
        0.009334068728338292,
        0.00924107555311355,
        0.009261477957252504,
        0.009180756456150515,
        0.009153844703488597,
        0.00918577904188324,
        0.009097437609963847,
        0.009144762760914135,
        0.00906366728552867,
        0.008616170351870539,
        0.008503131026106819,
        0.008475402784647375,
        0.008492158975724766,
        0.008462218067994931,
        0.008449985012525647,
        0.008470188752498204,
        0.008427945621561532,
        0.008479694097598151,
        0.008415907740638388,
        0.00839875629398881,
        0.008440038796923146,
        0.008404974703586138,
        0.008426032483396007,
        0.008376200933281968,
        0.008399321285939617,
        0.008367443232933378,
        0.008371798875287356,
        0.008353749557012102,
        0.00833876275957176,
        0.00835768321937904,
        0.008355423512800438,
        0.00835244490185798,
        0.008434615194479503,
        0.008352085788984125,
        0.008359769379106782,
        0.008344694602916517,
        0.008309214259497821,
        0.008356894832104445,
        0.008339568319526024,
        0.00829442945399844,
        0.00837512009936135,
        0.008313818031172381
    ],
    "val.mse": [
        0.02259586565196514,
        0.025691993534564972,
        0.02215311862528324,
        0.024708742275834084,
        0.023112665861845016,
        0.023898806422948837,
        0.022792797535657883,
        0.019220296293497086,
        0.0182323157787323,
        0.02073134109377861,
        0.0205693356692791,
        0.019969601184129715,
        0.01944916881620884,
        0.020105035975575447,
        0.022947467863559723,
        0.027060778811573982,
        0.018351934850215912,
        0.017124824225902557,
        0.021946629509329796,
        0.02294098027050495,
        0.018495429307222366,
        0.023533878847956657,
        0.02576468139886856,
        0.018542829900979996,
        0.02132158726453781,
        0.01832212507724762,
        0.023541122674942017,
        0.0171511210501194,
        0.015847239643335342,
        0.017485927790403366,
        0.01799682155251503,
        0.03995491936802864,
        0.018538447096943855,
        0.02767910063266754,
        0.015985026955604553,
        0.018243951722979546,
        0.0193644892424345,
        0.015708906576037407,
        0.015951668843626976,
        0.014530942775309086,
        0.02071232721209526,
        0.28533634543418884,
        0.012079083360731602,
        0.015779828652739525,
        0.015458056703209877,
        0.01452922448515892,
        0.017090193927288055,
        0.015982823446393013,
        0.015888141468167305,
        0.012368937954306602,
        0.013729393482208252,
        0.014311393722891808,
        0.013095803558826447,
        0.013092839159071445,
        0.009243212640285492,
        0.009927690960466862,
        0.009304312989115715,
        0.009853018447756767,
        0.00961447972804308,
        0.009355375543236732,
        0.00904074590653181,
        0.008817403577268124,
        0.009444552473723888,
        0.009855539537966251,
        0.00926401186734438,
        0.009417426772415638,
        0.009626458398997784,
        0.009111353196203709,
        0.00936479214578867,
        0.00900324434041977,
        0.008851846680045128,
        0.010435781441628933,
        0.008914081379771233,
        0.008163274265825748,
        0.008098690770566463,
        0.008105125278234482,
        0.008185988292098045,
        0.008126196451485157,
        0.008142593316733837,
        0.008188053034245968,
        0.008093268610537052,
        0.00809321179986,
        0.008087907917797565,
        0.008049286901950836,
        0.008111115545034409,
        0.008028029464185238,
        0.00810233410447836,
        0.008077654056251049,
        0.00809447467327118,
        0.008103725500404835,
        0.008077934384346008,
        0.007986698299646378,
        0.008036146871745586,
        0.008058348670601845,
        0.007971636019647121,
        0.008024385198950768,
        0.00799307320266962,
        0.008040490560233593,
        0.007991762831807137,
        0.00799038726836443,
        0.008023505099117756,
        0.008074380457401276,
        0.008022420108318329,
        0.008075932040810585,
        0.007978915236890316,
        0.00803648866713047
    ]
}