{
    "epoch": 101,
    "test.bias": [
        -4.694129943847656
    ],
    "test.err-rel": [
        21.7202827334404
    ],
    "test.mse": [
        57771.37890625
    ],
    "test.rmse": [
        240.35677420503464
    ],
    "train.mse": [
        0.06536094152663903,
        0.020639152447806626,
        0.019741521069280257,
        0.018164511173736395,
        0.017181995580336305,
        0.0162745732189406,
        0.01489841091878167,
        0.014449692251751335,
        0.014100256092028647,
        0.014141137041605828,
        0.014022681822364286,
        0.014085695919830625,
        0.013873980630461762,
        0.013874511154959114,
        0.01381297992178943,
        0.013864262461117128,
        0.013761026512195424,
        0.013806568345100415,
        0.01361467633623539,
        0.013692000205060693,
        0.013485436827489516,
        0.013737797350963442,
        0.01305277776768113,
        0.013518185615993855,
        0.0132156487770106,
        0.01341837365180254,
        0.013333097520488791,
        0.013052374652655022,
        0.013519480279306086,
        0.013268111557586164,
        0.013097496095635906,
        0.011073031087928429,
        0.010624935617670417,
        0.010555816223708594,
        0.01063077376655689,
        0.010468215204593612,
        0.010386615224954923,
        0.01034407880974979,
        0.010199702611738226,
        0.010135672214191134,
        0.010304216971257475,
        0.010099734969028249,
        0.009973566627084481,
        0.01018468732945621,
        0.010112831965315996,
        0.00996061754640101,
        0.010020360441469565,
        0.009922411014530353,
        0.009826017515279534,
        0.009765225133245311,
        0.009912266838932184,
        0.009716088679142115,
        0.00972802471369505,
        0.00970293470181343,
        0.009649897959628484,
        0.009674816994314514,
        0.009636905776881954,
        0.009584077531699,
        0.009578406208808102,
        0.009490933416911014,
        0.00909591132275215,
        0.008942998230184724,
        0.008947674857974961,
        0.008972099252476743,
        0.008933555578994678,
        0.008866511628872193,
        0.008956237324150053,
        0.008918683941862205,
        0.008908321845299768,
        0.008943109951981502,
        0.008855397952152642,
        0.008828327045548798,
        0.008810504629253977,
        0.008903506237491057,
        0.008891927282802942,
        0.008814609416465207,
        0.00880407317393891,
        0.008779615124051527,
        0.008831537916415893,
        0.008719541098377326,
        0.008797788878948224,
        0.008859851539543852,
        0.008746178820729256,
        0.008760505239479244,
        0.008810328296953586,
        0.00881705138684682,
        0.00880124477851318,
        0.008781774483462115,
        0.008731546331901194,
        0.008758867829583766,
        0.008770065779638727,
        0.00875717350111411,
        0.00873034154689621,
        0.008742084953843094,
        0.008772459199152342,
        0.008731110526884838,
        0.00875394473919963,
        0.008698133567189117,
        0.00869614686305839,
        0.008732735928965778,
        0.008776355824410552
    ],
    "val.mse": [
        0.02197905443608761,
        0.01917167380452156,
        0.022496236488223076,
        0.02026297338306904,
        0.020601779222488403,
        0.027592748403549194,
        0.020160852000117302,
        0.014498723670840263,
        0.01464537251740694,
        0.022278083488345146,
        0.023838967084884644,
        0.020831020548939705,
        0.02510584332048893,
        0.016955528408288956,
        0.02017468772828579,
        0.015646137297153473,
        0.015673553571105003,
        0.014275787398219109,
        0.019110454246401787,
        0.014061296358704567,
        0.01590258628129959,
        0.01559253130108118,
        0.016264131292700768,
        0.017245247960090637,
        0.022829607129096985,
        0.018153280019760132,
        0.01522563025355339,
        0.01687823422253132,
        0.019359532743692398,
        0.02480301633477211,
        0.01762113720178604,
        0.010066966526210308,
        0.009712360799312592,
        0.010397362522780895,
        0.010152271017432213,
        0.009965346194803715,
        0.011055727489292622,
        0.009800467640161514,
        0.009742379188537598,
        0.009805414825677872,
        0.01146696601063013,
        0.009719671681523323,
        0.009665530174970627,
        0.010704307816922665,
        0.009906469844281673,
        0.009850581176578999,
        0.009839154779911041,
        0.009493869729340076,
        0.009159844368696213,
        0.009803138673305511,
        0.009361974895000458,
        0.010092329233884811,
        0.011262265965342522,
        0.009898213669657707,
        0.009332533925771713,
        0.009650850668549538,
        0.009392766281962395,
        0.01180979609489441,
        0.010274406522512436,
        0.010070268996059895,
        0.008684506639838219,
        0.008662901818752289,
        0.008637631312012672,
        0.008667540736496449,
        0.00872945785522461,
        0.008654259145259857,
        0.008652669377624989,
        0.008671973831951618,
        0.00859054084867239,
        0.00866421777755022,
        0.008729510940611362,
        0.008539329282939434,
        0.008567428216338158,
        0.008738506585359573,
        0.008631657809019089,
        0.008664778433740139,
        0.008542442694306374,
        0.008638267405331135,
        0.008561325259506702,
        0.0086238794028759,
        0.008675426244735718,
        0.008530677296221256,
        0.008637423627078533,
        0.00863044336438179,
        0.008597619831562042,
        0.008565966039896011,
        0.008689800277352333,
        0.008608418516814709,
        0.008619923144578934,
        0.008483038283884525,
        0.008620635606348515,
        0.00858085323125124,
        0.008595937862992287,
        0.008519738912582397,
        0.008494085632264614,
        0.008540664799511433,
        0.008656292222440243,
        0.00856026355177164,
        0.008509117178618908,
        0.008508298546075821,
        0.008677433244884014
    ]
}