{
    "epoch": 135,
    "test.bias": [
        -12.404947280883789
    ],
    "test.err-rel": [
        22.042949497699738
    ],
    "test.mse": [
        59005.4765625
    ],
    "test.rmse": [
        242.91042909372993
    ],
    "train.mse": [
        0.06947766488599705,
        0.02076420498012406,
        0.020223330558709254,
        0.01979327834461157,
        0.019346938366297542,
        0.018939370596099916,
        0.0186016932016284,
        0.018446421193912987,
        0.018367817773052107,
        0.018278264599602398,
        0.01845643409277971,
        0.018048912014176206,
        0.018041353383124237,
        0.018070117780575302,
        0.017755197622336266,
        0.01804710481679294,
        0.017596170663969908,
        0.01760106143632495,
        0.01710377880599259,
        0.017324955213996695,
        0.017310269875451922,
        0.017030407680289412,
        0.01698580952701954,
        0.016815697257520586,
        0.016750530385207837,
        0.016314999058433786,
        0.016262512790357193,
        0.015853278855679602,
        0.015621654212293102,
        0.01536868477989806,
        0.014674557577364328,
        0.014132560713489244,
        0.013848896149727629,
        0.013576514399951188,
        0.013354602161931193,
        0.013623057682884902,
        0.013455605475095713,
        0.013587478792476581,
        0.013273137116168694,
        0.013219505003312738,
        0.013361310313751058,
        0.013463165219191735,
        0.013085776133599078,
        0.013022802264724926,
        0.013097900743936984,
        0.013076284184779336,
        0.013014882996042327,
        0.013027332280194613,
        0.013197468287061627,
        0.012812533779296933,
        0.013324621531022032,
        0.013051448878264281,
        0.013008245073894902,
        0.013077255264606054,
        0.013042894850780324,
        0.013371439900521824,
        0.012850388504065028,
        0.01087642661522983,
        0.01051946271710643,
        0.010346038823538437,
        0.010203074283398143,
        0.010097303734410827,
        0.00999366643656863,
        0.009976973240377336,
        0.009908036107379125,
        0.00980796627473177,
        0.009795125704485833,
        0.009704271842521138,
        0.009663272149315694,
        0.009514201003717394,
        0.00958823801654323,
        0.009657666274550848,
        0.009484458674972013,
        0.009491311778064544,
        0.009402772803541,
        0.009488566102823469,
        0.009437063146700583,
        0.0095610981352809,
        0.009439021394383617,
        0.009401513814426414,
        0.008931549513008355,
        0.008829952765642324,
        0.00875137824985403,
        0.00880231573984663,
        0.008705896160724322,
        0.00871193600341496,
        0.008719293221763177,
        0.00878751422448947,
        0.008707314201562507,
        0.00875014516456825,
        0.008765853149248513,
        0.00870702326547627,
        0.008649683370050497,
        0.008697850677957078,
        0.00869631699127395,
        0.008664939163548008,
        0.008667931318419373,
        0.008683555035443023,
        0.008721348440569893,
        0.008643520456488902,
        0.008690562945359,
        0.008712710860957642,
        0.008641947989306616,
        0.008642660859949523,
        0.008620599929311471,
        0.00857204604303328,
        0.008645645567079687,
        0.008613505795393593,
        0.008569041423204287,
        0.008638918033528438,
        0.008662554824429496,
        0.008667371860455448,
        0.008640870687597228,
        0.00858413300011307,
        0.0085818132289072,
        0.008580525170034933,
        0.008527061774213685,
        0.008612579444605039,
        0.00856331194660104,
        0.00859913454538711,
        0.008625515972309542,
        0.008580634384643196,
        0.008579179218674942,
        0.00856327803566961,
        0.008561107758773355,
        0.008522511496799202,
        0.008540343118422642,
        0.008528944550695397,
        0.008503177822226794,
        0.008551091341892393,
        0.00854095808661929,
        0.008560652421537513,
        0.008570129912142165,
        0.008545082545180509,
        0.008548821052877097
    ],