{
    "epoch": 111,
    "test.bias": [
        -33.880496978759766
    ],
    "test.err-rel": [
        28.929215669631958
    ],
    "test.mse": [
        98044.46875
    ],
    "test.rmse": [
        313.12053390028575
    ],
    "train.mse": [
        0.06077714396140924,
        0.021252867902015766,
        0.02045362020229421,
        0.020214843938536033,
        0.019812450028683353,
        0.019588107674768786,
        0.019728301104339884,
        0.019388295142207204,
        0.019578323404236538,
        0.019435802633624252,
        0.01916895623932161,
        0.01928523562212543,
        0.01938693141337575,
        0.019543062963681978,
        0.01943328116861422,
        0.01939467714372568,
        0.01938004831488176,
        0.01933163731563382,
        0.019316260259961936,
        0.01930221814162484,
        0.01946333835537477,
        0.019733042831010208,
        0.019476910848624823,
        0.01943878320659079,
        0.019356308754806113,
        0.019659346741874043,
        0.019529522089969095,
        0.019762596308549003,
        0.01924959982450052,
        0.019483024311229225,
        0.01942902443385342,
        0.019450670380781337,
        0.019353656586623046,
        0.017573700002508193,
        0.01726762778920735,
        0.017109780810864235,
        0.01704136709251055,
        0.01698790544007973,
        0.016802263911813498,
        0.01694127209711729,
        0.016630276253946672,
        0.016616477988796625,
        0.016642794257211612,
        0.016569248451737732,
        0.016492887405769492,
        0.016420205282728847,
        0.016392913283553065,
        0.01624574829687978,
        0.016304581897424127,
        0.016217874556143836,
        0.01613732003720432,
        0.016201972228861074,
        0.016107088789661845,
        0.016070039749781533,
        0.015980956462643494,
        0.016061047228371223,
        0.015864836830055205,
        0.01578638879241558,
        0.015890608950540785,
        0.015841036983879238,
        0.01588124675085632,
        0.01581832632513308,
        0.015765695968960842,
        0.015781069231196876,
        0.015731870151329333,
        0.015758899318781203,
        0.01567772708878648,
        0.01574155346990177,
        0.015733979227839083,
        0.015726405229964633,
        0.01567679354012376,
        0.015637385698671385,
        0.01566188957928339,
        0.01557625270812068,
        0.015541900982853116,
        0.015502533773187457,
        0.015581680342509615,
        0.015510308811804506,
        0.015491405893798644,
        0.01556478512314398,
        0.015409377250229804,
        0.01500385782749551,
        0.014887764981788834,
        0.014891900275493176,
        0.014848497253274771,
        0.014890756918026543,
        0.014894819307345443,
        0.014828413327383558,
        0.014837781802137814,
        0.014808191934873054,
        0.014812646842584378,
        0.014871899771117946,
        0.014815689212211021,
        0.014842093070378391,
        0.014850493878262436,
        0.014835026274185354,
        0.014814328839548113,
        0.014761316998884446,
        0.014831630575538771,
        0.01476272556749059,
        0.014730616120576131,
        0.014766942119089568,
        0.01476470114118079,
        0.014769757830924013,
        0.014722019592981512,
        0.01477169993378949,
        0.014803258577225411,
        0.014779515439508164,
        0.01478916498627968,
        0.01477746875025332,
        0.014757336600024889
    ],
    "val.mse": [
        0.02307925559580326,
        0.02722044847905636,
        0.02469008043408394,
        0.02276080846786499,
        0.029593054205179214,
        0.02174651250243187,
        0.02065277472138405,
        0.024239571765065193,
        0.02049430087208748,
        0.019797353073954582,
        0.020927736535668373,
        0.021173816174268723,
        0.02182622440159321,
        0.0198356993496418,
        0.0216679647564888,
        0.01972942054271698,
        0.019969623535871506,
        0.020521583035588264,
        0.019873986020684242,
        0.024283580482006073,
        0.023761548101902008,
        0.018632149323821068,
        0.02447718009352684,
        0.021683355793356895,
        0.019713757559657097,
        0.03855830430984497,
        0.039285894483327866,
        0.019674625247716904,
        0.01960652507841587,
        0.032095130532979965,
        0.019809501245617867,
        0.020379431545734406,
        0.029440388083457947,
        0.016469186171889305,
        0.01640808768570423,
        0.01710287295281887,
        0.01625715009868145,
        0.01635976880788803,
        0.01667346991598606,
        0.017236512154340744,
        0.01657484658062458,
        0.0167685616761446,
        0.016855968162417412,
        0.01612868532538414,
        0.016338985413312912,
        0.016767635941505432,
        0.01624091900885105,
        0.01605513133108616,
        0.01634044386446476,
        0.015492974780499935,
        0.015926556661725044,
        0.01632261648774147,
        0.015693427994847298,
        0.015782974660396576,
        0.017874959856271744,
        0.015694502741098404,
        0.015392506495118141,
        0.016145164147019386,
        0.015914248302578926,
        0.015075081959366798,
        0.0162969958037138,
        0.01523010153323412,
        0.016088776290416718,
        0.015523589216172695,
        0.015755848959088326,
        0.015693925321102142,
        0.015399397350847721,
        0.015295098535716534,
        0.016418326646089554,
        0.014997600577771664,
        0.015516710467636585,
        0.016019003465771675,
        0.015346888452768326,
        0.015608655288815498,
        0.015453728847205639,
        0.01533006876707077,
        0.015164829790592194,
        0.015958208590745926,
        0.015393790788948536,
        0.015105806291103363,
        0.01543157547712326,
        0.014449601992964745,
        0.014360516332089901,
        0.014356985688209534,
        0.014385138638317585,
        0.014335688203573227,
        0.014326303265988827,
        0.014399160631000996,
        0.014317374676465988,
        0.014301161281764507,
        0.014329725876450539,
        0.014347979798913002,
        0.014299290254712105,
        0.014286703430116177,
        0.014321506954729557,
        0.014311659149825573,
        0.014346101321280003,
        0.01435888186097145,
        0.014306346885859966,
        0.014282277785241604,
        0.014349671080708504,
        0.014355912804603577,
        0.014316657558083534,
        0.014310820959508419,
        0.014353862963616848,
        0.014366962015628815,
        0.014354611746966839,
        0.014333773404359818,
        0.014314514584839344,
        0.014288309030234814,
        0.014283995144069195
    ]
}