{
    "epoch": 74,
    "test.bias": [
        -35.57925796508789
    ],
    "test.err-rel": [
        28.562769293785095
    ],
    "test.mse": [
        96792.6171875
    ],
    "test.rmse": [
        311.115118866795
    ],
    "train.mse": [
        0.06074571413010722,
        0.021593664068637823,
        0.02044185287341839,
        0.020449746400117874,
        0.02000455925150252,
        0.019386120640286584,
        0.019657504017941835,
        0.019344126896523848,
        0.019231616655682644,
        0.01921799576773149,
        0.019228195487635165,
        0.01911839127268006,
        0.019309575499103563,
        0.019106090239181025,
        0.019098944848448766,
        0.01764560769107647,
        0.0171202393646193,
        0.017034909244990203,
        0.016849599699149044,
        0.01680233373829141,
        0.016811859947288545,
        0.016618736059881928,
        0.016497295673527732,
        0.016510717354987454,
        0.016520878584010572,
        0.016335030813224433,
        0.01630746545951541,
        0.016254009383662445,
        0.016242209441460122,
        0.01629767982039328,
        0.016181388580263023,
        0.016133080509195968,
        0.01598549892035563,
        0.016035198574749436,
        0.015935737934963005,
        0.015883878560555054,
        0.01589522765744932,
        0.016021759601355327,
        0.0157131743390204,
        0.015856852459653122,
        0.01594532588951108,
        0.015643384154295413,
        0.015711105604678754,
        0.015571035069935932,
        0.01547217455397292,
        0.015562367875401566,
        0.015485229555562866,
        0.015472793025986814,
        0.01561806799571325,
        0.015533796687633163,
        0.015450980758476184,
        0.015412182808376668,
        0.015336066819500269,
        0.01537010278098467,
        0.014781329519592407,
        0.014690565393965056,
        0.01464203231763549,
        0.01469260576839854,
        0.014584589743895865,
        0.014575517690944962,
        0.0146391502547464,
        0.014578397311951692,
        0.014552795947188647,
        0.014631116013156205,
        0.014615815905172651,
        0.014586219030273398,
        0.014606798209658847,
        0.01458957745330181,
        0.014517328917707613,
        0.014528134849104212,
        0.014584933646114134,
        0.01456812274551428,
        0.014478726153511827,
        0.014549874496169207
    ],
    "val.mse": [
        0.02384054660797119,
        0.025790616869926453,
        0.022731129080057144,
        0.019122278317809105,
        0.02063322439789772,
        0.021369196474552155,
        0.0207940973341465,
        0.02118375338613987,
        0.022398605942726135,
        0.019668640568852425,
        0.022862274199724197,
        0.020343879237771034,
        0.01922893337905407,
        0.02324727550148964,
        0.03163549676537514,
        0.01668710447847843,
        0.016247887164354324,
        0.016676783561706543,
        0.016882210969924927,
        0.016001509502530098,
        0.017420761287212372,
        0.01566041260957718,
        0.01631859876215458,
        0.016220364719629288,
        0.01577494665980339,
        0.015613975003361702,
        0.016802670434117317,
        0.015239222906529903,
        0.01647772267460823,
        0.01586182415485382,
        0.01566474512219429,
        0.016638493165373802,
        0.015276339836418629,
        0.01642650179564953,
        0.01536757405847311,
        0.015312066301703453,
        0.018954068422317505,
        0.01503695733845234,
        0.015530635602772236,
        0.01514450553804636,
        0.015585104934871197,
        0.015633849427103996,
        0.014970480464398861,
        0.01515322644263506,
        0.01619093120098114,
        0.016832739114761353,
        0.016175156459212303,
        0.01616845279932022,
        0.015745121985673904,
        0.01530569326132536,
        0.016089314594864845,
        0.015857329592108727,
        0.016075458377599716,
        0.015295756049454212,
        0.014101449400186539,
        0.01414216123521328,
        0.014076156541705132,
        0.01413056068122387,
        0.014107327908277512,
        0.014214716851711273,
        0.014181362465023994,
        0.014123146422207355,
        0.014046130701899529,
        0.014131066389381886,
        0.014124075882136822,
        0.014068861491978168,
        0.014078347943723202,
        0.01406250149011612,
        0.014095194637775421,
        0.014232664369046688,
        0.014078890904784203,
        0.014052172191441059,
        0.014109968207776546,
        0.01415491383522749
    ]
}