{
    "epoch": 82,
    "test.bias": [
        -44.494300842285156
    ],
    "test.err-rel": [
        28.42002511024475
    ],
    "test.mse": [
        97994.2890625
    ],
    "test.rmse": [
        313.04039525674636
    ],
    "train.mse": [
        0.05965482047191117,
        0.020573555616798196,
        0.020255910652894074,
        0.019951515967344364,
        0.01941856011612023,
        0.01936213857289858,
        0.019369696778040832,
        0.019040827605328183,
        0.01905725768017696,
        0.019152759971869427,
        0.019025199580937624,
        0.019148678723268392,
        0.018662829213298676,
        0.019142088627942453,
        0.017299372555188288,
        0.016857836934987727,
        0.01671563728326341,
        0.016545439178760096,
        0.016501247036702384,
        0.016351975864026605,
        0.016289680872521386,
        0.016255294387342363,
        0.01604199157914192,
        0.0159567909076719,
        0.01601927097682364,
        0.015887041292266875,
        0.015882933688372736,
        0.015775168882455767,
        0.01579685121343085,
        0.0157394886482507,
        0.015588743964255584,
        0.015530135749453089,
        0.01566864016874716,
        0.015463392937374188,
        0.015438731981259658,
        0.015537781055971252,
        0.015543872961865329,
        0.015485482432357058,
        0.015434850382096157,
        0.015396313060347626,
        0.015436412113514252,
        0.015198726292199842,
        0.015290744858226034,
        0.01466905843557381,
        0.014610900691278824,
        0.014562125192818845,
        0.014545469459645995,
        0.014536041363210576,
        0.01448454845855694,
        0.014490832864284152,
        0.014513992119535076,
        0.01446811689586356,
        0.014438184176957825,
        0.014442366411591448,
        0.014484383268054665,
        0.01442632327287844,
        0.014445664133967423,
        0.014451526497240836,
        0.014416169301356847,
        0.014435425747140514,
        0.014397362667340331,
        0.014475295490517123,
        0.014404538763323572,
        0.014383747798913136,
        0.014405881753191352,
        0.014373654391752875,
        0.014409071163887658,
        0.014385447570508936,
        0.014413268657446635,
        0.014369790567221439,
        0.014401685452179574,
        0.014332875018803084,
        0.014329679287606624,
        0.014316028074883833,
        0.014302777898747747,
        0.014366822924873814,
        0.014402958473599538,
        0.014345596998748256,
        0.014327460411572603,
        0.014311158881954304,
        0.01430873986242748,
        0.014342326421018054
    ],
    "val.mse": [
        0.022730372846126556,
        0.019650347530841827,
        0.019313370808959007,
        0.021354468539357185,
        0.019415631890296936,
        0.02094251662492752,
        0.01963229663670063,
        0.02202574722468853,
        0.024307988584041595,
        0.025085510686039925,
        0.020002679899334908,
        0.02187376096844673,
        0.021898794919252396,
        0.02150101773440838,
        0.016051752492785454,
        0.016057724133133888,
        0.01641908474266529,
        0.016552163287997246,
        0.016044331714510918,
        0.01626812480390072,
        0.01625683903694153,
        0.01549535058438778,
        0.015350088477134705,
        0.015391619876027107,
        0.015094845555722713,
        0.015264206565916538,
        0.01609545201063156,
        0.015156205743551254,
        0.015206870622932911,
        0.015552242286503315,
        0.016284840181469917,
        0.0148147102445364,
        0.016028525307774544,
        0.014820914715528488,
        0.015726223587989807,
        0.01508768368512392,
        0.015596051700413227,
        0.015610984526574612,
        0.015158474445343018,
        0.015231958590447903,
        0.014971014112234116,
        0.015062050893902779,
        0.015079391188919544,
        0.014015693217515945,
        0.014044837094843388,
        0.01402586605399847,
        0.01400860957801342,
        0.013927782885730267,
        0.01393846981227398,
        0.013967725448310375,
        0.013972163200378418,
        0.013902400620281696,
        0.013922391459345818,
        0.01401776634156704,
        0.013992794789373875,
        0.013966822065412998,
        0.014175660908222198,
        0.013977359049022198,
        0.01395668089389801,
        0.013899344019591808,
        0.013841613195836544,
        0.01391628384590149,
        0.01398258563131094,
        0.013878068886697292,
        0.013914407230913639,
        0.013875962235033512,
        0.01389042567461729,
        0.013970396481454372,
        0.013962926343083382,
        0.013933636248111725,
        0.013825669884681702,
        0.01398536842316389,
        0.013894667848944664,
        0.01405012421309948,
        0.013859214261174202,
        0.013905124738812447,
        0.013843423686921597,
        0.013852863572537899,
        0.013955894857645035,
        0.013890127651393414,
        0.013836854137480259,
        0.013865360990166664
    ]
}