{
    "epoch": 88,
    "test.bias": [
        -39.39427185058594
    ],
    "test.err-rel": [
        28.26516032218933
    ],
    "test.mse": [
        95633.8984375
    ],
    "test.rmse": [
        309.24730950729383
    ],
    "train.mse": [
        0.06288501169396246,
        0.021012125593587394,
        0.019884609730868804,
        0.01983991503806376,
        0.01968054071341346,
        0.019217618127785076,
        0.019284034783883793,
        0.01917196580822148,
        0.01917624466757222,
        0.019270781495767397,
        0.019340370599998206,
        0.01916244220579179,
        0.01916623968494738,
        0.019004664372471048,
        0.01917244660917942,
        0.01909264908512918,
        0.018973726552070642,
        0.01730029883499189,
        0.017030832425850195,
        0.01686196388086168,
        0.01677231107861167,
        0.01669997332912938,
        0.0166808437817253,
        0.01652835103365161,
        0.01625822391360998,
        0.016176074294645976,
        0.016251826993893922,
        0.016226067031710978,
        0.016073816807986033,
        0.01600719587990969,
        0.01597029560177428,
        0.01586338197926014,
        0.01575674187596433,
        0.015845361699509185,
        0.015570388192583511,
        0.015680882869651767,
        0.015554102853213141,
        0.01569968341031998,
        0.01491784922233442,
        0.014799358135816164,
        0.014821785451026588,
        0.014736136790682993,
        0.014664063695818186,
        0.014715640215066874,
        0.01469388149292549,
        0.014672493846042127,
        0.014634220207836933,
        0.01459965929275424,
        0.014604432650319323,
        0.014545533749297625,
        0.014557187581752859,
        0.014632303523263189,
        0.014566731077005587,
        0.014570553361142918,
        0.01450264798590868,
        0.0145111133105962,
        0.014486867389300974,
        0.014486259917115293,
        0.014531016565586736,
        0.014474552630151554,
        0.014511425263907125,
        0.01442712074054814,
        0.014442144438806103,
        0.014457976581846796,
        0.014434063545905235,
        0.014472179597516248,
        0.014349400963089088,
        0.014427343065418848,
        0.014366425840729257,
        0.014428888441903926,
        0.014362489049345619,
        0.014362968004694799,
        0.014408926269402954,
        0.01440318028737859,
        0.014327911648717596,
        0.014318316266304108,
        0.014394545291618602,
        0.014362969941164299,
        0.014418849369465577,
        0.014353266230034755,
        0.014328471992573723,
        0.014280545945483737,
        0.014259185142269948,
        0.01426777560491024,
        0.014341480518895678,
        0.014320734564623818,
        0.014224348902111737,
        0.014292511271267402
    ],
    "val.mse": [
        0.02188749425113201,
        0.02110789529979229,
        0.021774930879473686,
        0.025463134050369263,
        0.022122550755739212,
        0.019200807437300682,
        0.021380962803959846,
        0.02354378253221512,
        0.019592484459280968,
        0.021229123696684837,
        0.035508908331394196,
        0.022335557267069817,
        0.02091895416378975,
        0.025357097387313843,
        0.019996842369437218,
        0.02745926007628441,
        0.02219783328473568,
        0.016509097069501877,
        0.017208512872457504,
        0.016286227852106094,
        0.016332270577549934,
        0.01570764370262623,
        0.01629994995892048,
        0.015654481947422028,
        0.015489011071622372,
        0.015357108786702156,
        0.014950796961784363,
        0.01571050100028515,
        0.016000445932149887,
        0.015646781772375107,
        0.01537916250526905,
        0.015444797463715076,
        0.015232612378895283,
        0.01550663635134697,
        0.015696631744503975,
        0.01759139634668827,
        0.01531169656664133,
        0.015773830935359,
        0.014131231233477592,
        0.014072602614760399,
        0.01414274238049984,
        0.014040110632777214,
        0.014022501185536385,
        0.014016089960932732,
        0.013954102993011475,
        0.013945923186838627,
        0.014078576117753983,
        0.014013204723596573,
        0.013973464258015156,
        0.01401189062744379,
        0.01400079671293497,
        0.013899428769946098,
        0.01390720997005701,
        0.01389830932021141,
        0.014016348868608475,
        0.01389956846833229,
        0.013972624205052853,
        0.014040140435099602,
        0.013990143314003944,
        0.013923212885856628,
        0.013964241370558739,
        0.01386236771941185,
        0.014022271148860455,
        0.013862509280443192,
        0.013855851255357265,
        0.01393562089651823,
        0.013899474404752254,
        0.013897981494665146,
        0.013919878751039505,
        0.01385846734046936,
        0.013925631530582905,
        0.01382630318403244,
        0.01386976707726717,
        0.01386104617267847,
        0.013833967968821526,
        0.013903896324336529,
        0.013781002722680569,
        0.013886808417737484,
        0.014018187299370766,
        0.01386343315243721,
        0.013888449408113956,
        0.01385331992059946,
        0.01381716225296259,
        0.013829022645950317,
        0.013886303640902042,
        0.013844507746398449,
        0.013913974165916443,
        0.013809530064463615
    ]
}