{
    "epoch": 99,
    "test.bias": [
        -43.90899658203125
    ],
    "test.err-rel": [
        28.874611854553223
    ],
    "test.mse": [
        100879.71875
    ],
    "test.rmse": [
        317.61567774591987
    ],
    "train.mse": [
        0.06021025999471909,
        0.02145334486508878,
        0.020550093397770714,
        0.019916765664408847,
        0.019800133344422027,
        0.019443903413669365,
        0.01918267421197237,
        0.019070396483762235,
        0.019032608524600907,
        0.01886117885388979,
        0.01892558816911244,
        0.018801508766667144,
        0.019005520223844344,
        0.018891517050200847,
        0.0190847084925669,
        0.01895456387456961,
        0.019056429518613874,
        0.019050706836690263,
        0.01924374904029253,
        0.017282615580437023,
        0.016863818269041254,
        0.016653897149897203,
        0.01658593478794323,
        0.016499281065856537,
        0.016387373703054903,
        0.016309719521370603,
        0.016286246824964153,
        0.01619562466924147,
        0.016194945201277733,
        0.015978781557528347,
        0.01589819794043717,
        0.015934063717950045,
        0.015924180119593696,
        0.01582197538327153,
        0.015762622967907567,
        0.015737967753055984,
        0.015726594078331824,
        0.015631845487826843,
        0.015653916708443585,
        0.015686536752959578,
        0.015524797976335011,
        0.015552547294646502,
        0.015493348206779578,
        0.015470381723944007,
        0.015404556253243511,
        0.015372331668736368,
        0.015309674699404618,
        0.015490558163103898,
        0.01533182964251354,
        0.015371906769848087,
        0.015264520279654279,
        0.01542152848844303,
        0.015274495136265347,
        0.015304636607718905,
        0.015273755853541376,
        0.015235255625689538,
        0.015215286979360915,
        0.01520333611179234,
        0.015275634705974924,
        0.015260592716314443,
        0.015202724624697754,
        0.01508482903946282,
        0.015301573578631732,
        0.01502330137257714,
        0.015095917201351101,
        0.015069223662111454,
        0.015104247109464756,
        0.015079848212757853,
        0.014508805459183528,
        0.014434759987790773,
        0.014361961920768386,
        0.014304304750999662,
        0.014261909323267458,
        0.01430057493470064,
        0.01427277568273428,
        0.014305413127081787,
        0.014269422915786869,
        0.014341132465477397,
        0.014290563926873048,
        0.014302628756523496,
        0.014283343638497882,
        0.014268119172079534,
        0.014245690272484974,
        0.014209548704235292,
        0.014262410380491397,
        0.01421524448002257,
        0.014249300146929739,
        0.014254972679404223,
        0.014233725633835646,
        0.01421893008689328,
        0.01418704043210643,
        0.014157172019888715,
        0.014188397942656061,
        0.014196917272695318,
        0.014214361603258223,
        0.014174738291242137,
        0.014223491273275235,
        0.014211940255424962,
        0.014210432767868042
    ],
    "val.mse": [
        0.025432689115405083,
        0.022095482796430588,
        0.023577840998768806,
        0.024352720007300377,
        0.022388048470020294,
        0.021824628114700317,
        0.02181170880794525,
        0.018798302859067917,
        0.026574375107884407,
        0.030980225652456284,
        0.03927624225616455,
        0.02849317155778408,
        0.020309381186962128,
        0.021245261654257774,
        0.024033987894654274,
        0.022013895213603973,
        0.021577466279268265,
        0.03389495611190796,
        0.019465258345007896,
        0.01621895097196102,
        0.015947969630360603,
        0.017029788345098495,
        0.016983939334750175,
        0.016049351543188095,
        0.015884969383478165,
        0.016756759956479073,
        0.015417749993503094,
        0.015216243453323841,
        0.015893273055553436,
        0.01544017530977726,
        0.01586432009935379,
        0.016188882291316986,
        0.01522864494472742,
        0.015506010502576828,
        0.015853501856327057,
        0.015130140818655491,
        0.015097489580512047,
        0.015611405484378338,
        0.015437153168022633,
        0.015168711543083191,
        0.015764787793159485,
        0.015076142735779285,
        0.015245729126036167,
        0.015745963901281357,
        0.014865712262690067,
        0.015105337835848331,
        0.01634041965007782,
        0.015537228435277939,
        0.014694541692733765,
        0.014615518972277641,
        0.014792517758905888,
        0.016002675518393517,
        0.015085467137396336,
        0.015653861686587334,
        0.015471545048058033,
        0.014738636091351509,
        0.0145493745803833,
        0.015045449137687683,
        0.015548884868621826,
        0.014822952449321747,
        0.014649976044893265,
        0.014769055880606174,
        0.015905877575278282,
        0.014780370518565178,
        0.015242215245962143,
        0.015153792686760426,
        0.014830001629889011,
        0.015016671270132065,
        0.014013905078172684,
        0.013958824798464775,
        0.014001951552927494,
        0.013960813172161579,
        0.01399989239871502,
        0.013993751257658005,
        0.014069338329136372,
        0.014135715551674366,
        0.014004937373101711,
        0.013931479305028915,
        0.013935636729001999,
        0.01396009512245655,
        0.013971124775707722,
        0.013975756242871284,
        0.01399871613830328,
        0.013940286822617054,
        0.013968143612146378,
        0.013948285020887852,
        0.014026990160346031,
        0.013922831043601036,
        0.01397385261952877,
        0.013993582688272,
        0.013923722319304943,
        0.013971073552966118,
        0.013924353756010532,
        0.013977537862956524,
        0.014002100564539433,
        0.013937783427536488,
        0.013933368027210236,
        0.013974006287753582,
        0.01400603074580431
    ]
}